Kids_First_Biospecimen_ID	Kids_First_Participant_ID	sample_id	ATRX_fpkm	DAXX_fpkm	TERT_fpkm	ATRX_fusion	DAXX_fusion	TERT_fusion
BS_014EVM2D	PT_S21ZTKPS	7316-362	37.92	13.95	0	NA	NA	NA
BS_02NZT8CE	PT_2BJF83GQ	7316-1745	49.23	12.69	0	NA	NA	NA
BS_03FT4S8B	PT_5KRVE8E4	7316-1671	46.98	22.32	0.03	NA	NA	NA
BS_0448A413	PT_VHS5RM2K	7316-364	63.08	17.99	0.68	NA	NA	NA
BS_044XZ8ST	PT_QAX38GM7	7316-3570	39.31	12.85	0	NA	NA	NA
BS_052PZFMK	PT_N3205P0D	7316-1099	19.99	22.74	0.01	NA	NA	NA
BS_063ERW0R	PT_3V5GTCJR	7316-1646	55.29	13.73	0.04	NA	NA	NA
BS_06AMMCXR	PT_Q3EP24V1	7316-154	34.87	17.71	0	NA	NA	NA
BS_06XH7EVF	PT_G8DRDA33	7316-879	23.37	11.08	0	NA	NA	NA
BS_07ANYSYQ	PT_S4H6KA09	7316-2134	41.91	16.23	0.3	NA	NA	NA
BS_09R7GDA7	PT_0PT33SCF	7316-1100	33.16	16.1	0.01	NA	NA	NA
BS_09Z7TC35	PT_YHTK536P	7316-1714	70.56	25.97	2.92	NA	NA	NA
BS_0BXY0F9N	PT_164RNWTT	7316-1078	24.62	10.92	0	NA	NA	NA
BS_0C7VZC0A	PT_VAJN5QP8	7316-2176	74.92	21.48	0	NA	NA	NA
BS_0GDJQANN	PT_ABV3RS3T	7316-471	32.13	9.62	0.05	NA	NA	NA
BS_0HW7W7SD	PT_C73C5BBZ	7316-2658	61.19	13.37	0.62	NA	NA	NA
BS_0J9SHHSC	PT_WVC247PK	7316-1090	49.19	14.77	0	NA	NA	NA
BS_0QYS36NR	PT_V3Q78E6F	7316-455	19.72	14.5	0.01	NA	NA	NA
BS_0RF0EZTV	PT_MW0QVGW2	7316-286	35.34	14.7	0	NA	NA	NA
BS_0RQ4P069	PT_C2D4JXS1	7316-1746	22.14	13.88	0	NA	NA	NA
BS_0SCXXM6N	PT_SMDEQVHJ	7316-119	50.73	14.52	0	NA	NA	NA
BS_0SPCTBZY	PT_PKHG2YFW	7316-3306	25.73	20.8	0.08	NA	NA	NA
BS_0T17SY47	PT_BQ8BQ01J	7316-183	35.11	13.6	0.08	NA	NA	NA
BS_0VRSD9V3	PT_3WA7SBQ6	7316-2248	50.72	8.24	0.01	NA	NA	NA
BS_0VXZCRJS	PT_40HTPY49	7316-466	13.97	26.76	0.07	NA	NA	NA
BS_0WQJP6ZG	PT_Y6Y9JJ9P	7316-425	30.97	12.51	0.76	NA	NA	NA
BS_0WVJYM9R	PT_MNR94DEV	7316-370	32.36	11.05	0	NA	NA	NA
BS_0X9EGHY2	PT_3KK1F95W	7316-1744	46.63	12.78	0	NA	NA	NA
BS_0XEG6SNV	PT_82A9SDRN	7316-2313	54.96	22.34	0.07	NA	NA	NA
BS_0Y66ZBWE	PT_V2F0865M	7316-642	54.26	16.23	0	NA	NA	NA
BS_0ZA67BBC	PT_VPEMAQBN	A12748	16.56	25.93	0.01	NA	NA	NA
BS_1021ZGQT	PT_HJMP6PH2	7316-3775	60.78	15.49	0.1	NA	NA	NA
BS_10APZRVT	PT_3D74J8RZ	7316-877	36.29	11.66	0	NA	NA	NA
BS_11WY983P	PT_7A1PYTP9	7316-294	34.49	18.53	0.47	NA	NA	NA
BS_13CGKADW	PT_WGWMA5AZ	7316-148	54.06	9.36	0	NA	NA	NA
BS_15ETQ0E4	PT_CW0BJE0Y	7316-41	32.63	20.13	2.05	NA	NA	NA
BS_1607397Q	PT_7VSY72EK	7316-1855	53.96	52.08	60.95	NA	NA	NA
BS_17WYVEEC	PT_FKWCVXNC	7316-332	42.99	12.28	0	NA	NA	NA
BS_196BBNEJ	PT_BNARR0N6	7316-1954	29.41	17.75	0.02	NA	NA	NA
BS_1A6MQ9ZA	PT_JSFBMK5V	7316-1769	38.61	21.86	0	NA	NA	NA
BS_1AYRM596	PT_BPKVVWVB	7316-2250	66.09	16.51	0.2	NA	NA	NA
BS_1BWP5MCT	PT_23NZGSRJ	7316-2659	69.18	26.52	25.73	NA	NA	NA
BS_1D6PZNKN	PT_7DTGJYA7	7316-1695	46.56	19.58	0.49	NA	NA	NA
BS_1EBQ3T20	PT_4347ZBEX	7316-913	50.02	18.92	0.36	NA	NA	NA
BS_1EN5V3XW	PT_RDJ40M73	7316-2561	57.77	20.9	0	NA	NA	NA
BS_1G3WYEN3	PT_TXFYRDP4	7316-193	46.02	12.32	0.02	NA	NA	NA
BS_1HFK0SXV	PT_2GPH62JS	7316-1775	43.78	18.86	0.03	NA	NA	NA
BS_1HQ76V6D	PT_WE1CHTWK	7316-87	51.13	14.96	0	NA	NA	NA
BS_1J2WQ08M	PT_MKDQZ17N	7316-3300	29.36	17.66	0.55	NA	NA	NA
BS_1JDG6JV5	PT_CK41DW03	7316-329	34.91	19.29	0.01	NA	NA	NA
BS_1KYGSMA7	PT_YGN06RPZ	7316-2208	48.43	15.86	0.02	NA	NA	NA
BS_1N7MQZGR	PT_NK8A49X5	A14449	13.13	17.52	0.01	ATP7A--ATRX	NA	NA
BS_1N9XZXGE	PT_X8S0H6TG	7316-876	28.83	26.36	0.96	NA	NA	NA
BS_1NPD7PVG	PT_R9V5R1SY	7316-1940	35.57	17.04	0	NA	NA	NA
BS_1QNTEZPS	PT_5CKDR2SF	7316-525	50.6	17.52	0.26	NA	NA	NA
BS_1QXEC43H	PT_FN4GEEFR	7316-3010	40.2	24.12	2.32	NA	NA	NA
BS_1RT76ANT	PT_5SX0GRW1	7316-1927	44.21	58	4.11	NA	NA	NA
BS_1RXZ3BP7	PT_02J5CWN5	7316-898	36.48	12.91	0	NA	NA	NA
BS_1SVVER1H	PT_RM9AZ7A8	7316-2084	32.64	12.24	0	NA	NA	NA
BS_1T19NFJ8	PT_QEMT1845	7316-3153	41.07	10.59	0.01	NA	NA	NA
BS_1TPWFSK6	PT_7JQ24F35	7316-1957	45.62	11.06	0	NA	NA	NA
BS_1TWCV047	PT_85RSG67R	7316-2986	74.65	15.59	1.84	NA	NA	NA
BS_1XJ73KBQ	PT_AXVH36AM	7316-2180	42.93	16.78	0	NA	NA	NA
BS_1ZVXF5FE	PT_TS0FW57Z	7316-2167	46.23	12.49	0	NA	NA	NA
BS_21ET39G7	PT_KZ56XHJT	A12398	18.83	17.15	0.01	NA	NA	NA
BS_21RE8W46	PT_VABP80N2	7316-1949	40.55	18.92	0.05	NA	NA	NA
BS_23M72ABG	PT_AQWDQW27	7316-523	27.24	13.09	0	NA	NA	NA
BS_23QW0BBA	PT_3X3MF8ZD	7316-114	49.42	22.3	0	NA	NA	NA
BS_23W9EPFE	PT_1ZAWNGWT	7316-3345	14.9	22.32	0	NA	NA	NA
BS_24AHZ9ZW	PT_SRWZDG3N	7316-361	35.77	16.28	0	NA	NA	NA
BS_258RRGDM	PT_DQ3ZCHB6	7316-2195	47.36	12.67	0.06	NA	NA	NA
BS_25T139TX	PT_TH8M3W34	7316-2130	51.6	16.98	0	NA	NA	NA
BS_264RCK7G	PT_3A0B29QT	7316-80	56.61	14.89	0	NA	NA	NA
BS_273HKCT4	PT_8CZ6ANE0	7316-1970	46.16	12.67	0	NA	NA	NA
BS_27QE6BV7	PT_Z9QE51C3	7316-373	32.79	9.23	0.01	NA	NA	NA
BS_28CDASF7	PT_S4YNE17X	7316-377	44.32	17.68	0	NA	NA	NA
BS_29006KEX	PT_XCCV6CW2	7316-2268	25.76	13	0	NA	NA	NA
BS_29CPJ040	PT_06ERX8Z7	7316-2578	39.81	14.19	0	NA	NA	NA
BS_29X4ZX6Q	PT_63HDZHCN	7316-2980	21.1	25.95	0.08	NA	NA	NA
BS_2A162JH9	PT_JNEV57VK	7316-3058	24.06	25.04	0.01	NA	NA	NA
BS_2A5R9MEJ	PT_FYPWZBH0	7316-1085	55.96	17.66	0.14	NA	NA	NA
BS_2ADZNNV4	PT_NTK39NNV	7316-3076	39.68	11.2	0	NA	NA	NA
BS_2AR3AP0N	PT_AWBPNFM5	7316-1854	30.22	11.35	0.01	NA	NA	NA
BS_2EMW8ZG3	PT_FFRHWB74	7316-932	33.26	11.73	0	NA	NA	NA
BS_2EN3X6HB	PT_CSZ9QA1N	7316-1464	38.01	13.99	0	NA	NA	NA
BS_2HN96129	PT_DTP4MMRA	7316-1463	46.52	16.63	0	NA	NA	NA
BS_2JP7RBMB	PT_Y74CVASJ	A16538	14.17	21.19	0.05	NA	NA	NA
BS_2KJ2YAZR	PT_N8W26H19	7316-267	40.9	16.02	0	NA	NA	NA
BS_2R9TCR03	PT_ZMKMKCFQ	7316-2988	32.84	14.81	0	NA	NA	NA
BS_2SFTWNVE	PT_BG7GAFK6	7316-3626	61.56	11.9	0.36	NA	NA	NA
BS_2SHWPB5P	PT_FZHGKJ0H	7316-4034	9.24	9.04	0.01	NA	NA	NA
BS_2W3NC4K1	PT_2E552BAR	7316-2719	24.42	15.81	0	NA	NA	NA
BS_2WPQ8YCW	PT_KQK98ZVP	7316-1803	48.71	19.56	0.01	NA	NA	NA
BS_2XD3MNKD	PT_YQWG98Z5	7316-2856	28.82	11.39	0.01	NA	NA	NA
BS_2YCJV2VV	PT_TD6ST5MG	7316-235	45.39	18.16	0	NA	NA	NA
BS_2Z1MKS84	PT_1T7WF5S1	7316-2934	52.27	11.89	0.16	NA	NA	NA
BS_30VC3R2Q	PT_7DTGJYA7	7316-639	50.74	17.14	0	NA	NA	NA
BS_31TF0P1N	PT_M04EC74B	7316-918	18.21	12.12	0.09	NA	NA	NA
BS_34201DKZ	PT_V0X73HEQ	7316-2182	28.97	10.52	0	NA	NA	NA
BS_37GTVG4N	PT_DQT78GS5	7316-3326	41.54	22.52	0.3	NA	NA	NA
BS_398KYV92	PT_976P4557	7316-214	29.33	8.91	0.08	NA	NA	NA
BS_399RPKC9	PT_KVMF5TFW	7316-3030	41.93	13.84	0.3	NA	NA	NA
BS_39CGACC7	PT_CBAYDRF9	7316-1675	27.99	9.46	0	NA	NA	NA
BS_3AC3SRWH	PT_SDPA6AAP	7316-624	3	7.36	0	NA	NA	NA
BS_3BDAG9YN	PT_62VNQ8C4	7316-1884	29.04	17.29	0	NA	NA	NA
BS_3BVVWHP5	PT_JW6FBEFK	7316-3019	30.32	14.67	0	NA	NA	NA
BS_3DCBDJAT	PT_AKQZZPH8	7316-2782	26.02	13.59	0.06	NA	NA	NA
BS_3EVSN5QD	PT_HXDCHQ9Y	7316-2171	57.09	14.61	0	NA	NA	NA
BS_3F4FQJMR	PT_8RB7TPS2	7316-3	32.51	10.34	0.01	NA	NA	NA
BS_3F5PR9GS	PT_HM2GMT2H	7316-6	69.15	18.12	1.05	NA	NA	NA
BS_3G3KWY18	PT_48N4Y6YP	7316-1866	33.84	14.06	0	NA	NA	NA
BS_3H71BH6Q	PT_AWMZ12NP	7316-2203	33.03	15.22	0.01	NA	NA	NA
BS_3J85TTZM	PT_5ZHYHDY2	7316-1459	28.39	12.88	0.01	NA	NA	NA
BS_3KASVCSQ	PT_T2V4X5ZW	7316-965	59.72	14.72	0.02	NA	NA	NA
BS_3KHXMAJF	PT_TGTJECMR	7316-2647	18.55	13.6	0	NA	NA	NA
BS_3MS8WVNR	PT_AP658JQV	7316-519	23.46	22.49	0.02	NA	NA	NA
BS_3MYEMXPQ	PT_RQ21EBK9	7316-367	71.26	12.85	0	NA	NA	NA
BS_3NNQ6PSB	PT_GNKRMTQY	7316-3856	53.43	12.41	0.16	NA	NA	NA
BS_3NWQXPQV	PT_0DWRY9ZX	7316-2221	74.12	20.5	0.16	NA	NA	NA
BS_3P20Q2C3	PT_HYXSSCJ5	7316-1088	64.86	14.21	0	NA	NA	NA
BS_3PYESPHA	PT_A594A46X	7316-91	47.04	10.07	0	NA	NA	NA
BS_3Q0GTSYH	PT_KXB1PJV0	7316-206	55.22	13.1	0	NA	NA	NA
BS_3T6X4BPC	PT_BBHAD51D	7316-1089	44.26	18.33	0.06	NA	NA	NA
BS_3TQSE8HF	PT_BYJ428GA	7316-290	45.43	15.84	0	NA	NA	NA
BS_3V3KE3VT	PT_9DMMZ08D	7316-1676	49.59	24.38	0.82	NA	NA	NA
BS_3W07B2TG	PT_HMY997GX	7316-3554	33.67	15.73	0	NA	NA	NA
BS_3X9WMZGJ	PT_3VCS1PPF	7316-198	33.35	12.7	0.01	NA	NA	NA
BS_3XY76V8T	PT_GDDWPDMC	7316-2575	41.58	14.88	0	NA	NA	NA
BS_3Y0QXZQB	PT_K8ZV7APT	7316-2590	28.27	13.82	0	NA	NA	NA
BS_401R3KV0	PT_MBAXTJET	7316-275	35.14	14.41	0	NA	NA	NA
BS_40MP5BWR	PT_JSFBMK5V	7316-1769	50.46	18.38	0	NA	NA	NA
BS_42DY6WS7	PT_12JTZFC2	7316-3504	49.42	16.19	0	NA	NA	NA
BS_42Y3YANN	PT_BDNE55YT	7316-1710	41.04	15.46	0.01	NA	NA	NA
BS_44A3ES23	PT_9DMMZ08D	7316-1666	76.86	24.41	1.29	NA	NA	NA
BS_45J79YTF	PT_6GDPNFA6	7316-2610	49.55	12.38	0.21	NA	NA	NA
BS_46BZ2NNN	PT_41RR5FQD	7316-1115	20.99	17.2	0.36	NA	NA	NA
BS_470DYRJQ	PT_0EWY6S6S	7316-3491	34.39	10.86	0.01	NA	NA	NA
BS_478TN841	PT_W6AWJJK7	7316-230	34.43	13.52	0	NA	NA	NA
BS_479S95Q6	PT_8V3360DR	7316-641	33.79	9.91	0	NA	NA	NA
BS_47SJZ3PH	PT_1VQWQ0TC	7316-3627	54.74	16.66	0	NA	NA	NA
BS_49852ZBH	PT_5VAKED5F	7316-2689	34.3	13.12	0	NA	NA	NA
BS_49BQS7Z6	PT_HNZNZ635	7316-2151	33.96	13.65	0	NA	NA	NA
BS_49CJNZ06	PT_M9XXJ4GR	A09576	5.23	42.64	0	NA	NA	NA
BS_49F4RAA4	PT_J06X17XH	7316-1649	26.88	10.41	0.05	NA	NA	NA
BS_49FQXT2E	PT_89XRZBSG	7316-1789	48.75	16.84	0.01	NA	NA	NA
BS_49VCQD19	PT_DEDRCQWH	7316-398	36.61	9.35	0	NA	NA	NA
BS_4A45GGSW	PT_QJDY4Y9P	7316-562	46.16	12.13	0	NA	NA	NA
BS_4B0BAVTX	PT_7FZ8SE69	7316-2152	42.07	15.88	0.02	ATRX--AL157778.1/AL137843.1	NA	NA
BS_4BWB0FA0	PT_EXYXBDGP	7316-3140	30.58	14.39	0	NA	NA	NA
BS_4C4MZ4NT	PT_A9F8Y6MA	7316-476	32.17	22.9	0	NA	NA	NA
BS_4CP4T22V	PT_9HMVHQEH	7316-22	88.12	18.94	0.17	NA	NA	NA
BS_4D9DD103	PT_9A6RPJ97	7316-906	42.19	11.85	0.54	NA	NA	NA
BS_4E1G7E3G	PT_RJ1TJ2KH	7316-2110	104.51	27.17	2.61	NA	NA	NA
BS_4EN8D8Y4	PT_ZRQQC2S9	7316-3139	39.21	17.41	0	NA	NA	NA
BS_4FZS7TX4	PT_NPETR8RY	7316-160	37.05	13.42	0	NA	NA	NA
BS_4GTESTSE	PT_1ZAWNGWT	7316-319	35.03	17.47	0.1	NA	NA	NA
BS_4HQ3T2NC	PT_6N1QWCXE	7316-3169	38.21	13.83	0	NA	NA	NA
BS_4JWBB28H	PT_69C7CBFW	7316-1959	29.05	16.67	1.22	NA	NA	NA
BS_4NF35AF6	PT_FAPEH6R1	7316-1660	49.08	16.2	0.01	NA	NA	NA
BS_4NWHYH53	PT_Y4FN0XN1	7316-1252	51.75	13.3	0.01	NA	NA	NA
BS_4PH1MBGR	PT_NDVJE438	7316-2811	76.66	16.69	0.59	NA	NA	NA
BS_4PPHAQXF	PT_P5HHJJPH	7316-870	19.78	23.23	0.58	NA	NA	SLC12A7--TERT
BS_4PWDGEB0	PT_FF0NV7ZM	7316-716	17.17	14.43	0	NA	NA	NA
BS_4QW2S1Q8	PT_Y5KY6KN9	7316-195	34.16	31.14	0.01	NA	NA	NA
BS_4SCWT0FX	PT_D3AN5M5W	7316-47	40.8	18.81	0.15	NA	NA	NA
BS_4T0HPZDC	PT_06H29FCG	7316-1944	23.31	22.35	0.02	NA	NA	NA
BS_4W1DBAN4	PT_5D3AVPCW	7316-187	44.85	11.49	0	NA	NA	NA
BS_4W68NV3M	PT_D215EQAP	7316-747	41.48	17.62	9.87	NA	NA	NA
BS_4Y6BCYK5	PT_N9SG16EC	7316-1958	28.19	15.39	0	NA	NA	NA
BS_4Z2F4P9N	PT_BWGZBVD1	7316-1678	40.77	14.68	0.01	NA	NA	NA
BS_51RA1PGE	PT_HMF8J4EG	7316-644	31.87	14.97	0.01	NA	NA	NA
BS_52426AMF	PT_3HRS5CWF	7316-925	47.55	11.24	0	NA	NA	NA
BS_52C576HH	PT_KFYJBQB8	7316-3075	19.66	29.14	0	NA	NA	NA
BS_52DAPP1Y	PT_WYF217NZ	7316-345	49.04	14.04	0	NA	NA	NA
BS_52MPKTJH	PT_KX84KH6K	7316-2703	60.37	14.78	0	NA	NA	NA
BS_53CTGDQG	PT_3D74J8RZ	7316-1792	31.57	7.55	0	NA	NA	NA
BS_53GQKVEX	PT_GQZ84ACS	7316-487	40.21	18.12	0	NA	NA	NA
BS_53M8PP88	PT_NPETR8RY	7316-1784	48.09	20.44	0.1	NA	NA	NA
BS_55JW3HFM	PT_R10BSB9F	7316-1965	38.28	15.13	0	NA	NA	NA
BS_55P8HPYD	PT_Q25V9Y6M	7316-1668	48.34	16.89	0	NA	NA	NA
BS_58YXHGAJ	PT_G4N67N0D	7316-1057	19.38	34.99	1.49	NA	NA	NA
BS_593HEWBF	PT_DB800CE1	7316-261	37.25	15.86	0	NA	NA	NA
BS_5965SFPZ	PT_A325EYR2	7316-2557	53.41	15.16	0.01	NA	NA	NA
BS_59ZJWJTF	PT_3AWKWXEV	7316-85	19.86	18.15	0	NA	NA	NA
BS_5AF6ZNJF	PT_02MVZZSW	7316-1702	43.85	10.58	0.02	NA	NA	NA
BS_5CMGN56B	PT_4ZSR5DY8	7316-264	51.45	17.04	0	NA	NA	NA
BS_5CTVXVRX	PT_DW2XRPC9	7316-430	28.88	14.75	0.19	NA	NA	NA
BS_5GNQC2FF	PT_VAJN5QP8	7316-2176	24.53	11.33	0.01	NA	NA	NA
BS_5JM573JC	PT_6Q0NPVP3	7316-2255	18.62	9.36	0.21	NA	NA	NA
BS_5K3R0F5D	PT_A0F23R7E	7316-452	45.29	11.36	0.01	NA	NA	NA
BS_5NWDARXG	PT_EEKE0V9T	7316-32	46.12	12.65	0.01	NA	NA	NA
BS_5P1TN10Z	PT_9BZETM0M	7316-158	3.67	22.51	0	NA	NA	NA
BS_5P3CZQV8	PT_MXASQ2GW	7316-3558	24.39	11.62	0	NA	NA	NA
BS_5PEFNDCY	PT_VQDNSYXM	7316-1637	49.33	12.86	0	NA	NA	NA
BS_5PJCHF6V	PT_Q90R6M3E	7316-897	85.96	12.88	0.09	NA	NA	NA
BS_5PV5N4HQ	PT_YRMG61G8	7316-2305	48.84	16.16	0	NA	NA	NA
BS_5VPM0F36	PT_HGM20MW7	A09446	11.81	20.35	0	NA	NA	NA
BS_5VQP0E6K	PT_H6E09982	7316-5	60.29	9.72	0.38	NA	NA	NA
BS_5YJEPPTP	PT_RFF7MKTC	7316-954	34.13	14.91	0	NA	NA	NA
BS_60K3EQ9S	PT_2D1KGV99	7316-3151	36.53	15.86	0	NA	NA	NA
BS_61E80SD6	PT_39HBKSGG	7316-908	86.42	17.21	7.49	NA	NA	TERT/MIR4457--AL132656.4
BS_64HCD9K3	PT_41BCPB7R	7316-406	36.88	6.79	0.12	NA	NA	NA
BS_66ABA973	PT_0K0DPVF6	7316-121	55.4	12.1	0	NA	NA	NA
BS_66HQ3E4Z	PT_AC5SD9AC	7316-2291	39.35	16.22	0	NA	NA	NA
BS_67PX06P3	PT_WTMSD2WB	7316-3632	17.95	11.02	0	NA	NA	NA
BS_67Z63A2K	PT_NYBH025T	7316-3069	33.51	12.47	0	NA	NA	NA
BS_680K119G	PT_44HPG5YT	7316-3067	38.38	13.85	0.01	NA	NA	NA
BS_685DACMS	PT_7PXN3B4J	7316-784	14.12	53.81	0.77	NA	NA	NA
BS_68BW2163	PT_YZME6QCY	7316-2245	36.89	14.52	0	NA	NA	NA
BS_68KX6A42	PT_RYMG3M91	A18777	19.8	24.58	1.09	NA	NA	GRID2IP--TERT, MARCH6--TERT
BS_699TN5RN	PT_JWW33RTB	7316-1793	35.34	15.56	0.01	NA	NA	NA
BS_69V8P8A0	PT_GBDYKSPY	7316-209	23.99	13.13	0	NA	NA	NA
BS_6DCSD5Y6	PT_4YWZ538V	7316-719	67.1	19.62	0.06	NA	NA	NA
BS_6G6C7VPX	PT_XTVQB9S4	7316-2186	46.36	19.15	0.23	NA	NA	NA
BS_6H1C1ME9	PT_1MW98VR1	7316-2558	25.77	19.46	0.01	NA	NA	NA
BS_6HTK4YJP	PT_7F3ZPZB7	7316-2662	68.8	27.01	2.26	NA	NA	NA
BS_6JHXXVR7	PT_9PJR0ZK7	7316-2576	45.75	47.22	52.56	NA	NA	LHFPL2--TERT, TERT/MIR4457--LHFPL2
BS_6M2053M0	PT_RE6AXQM1	A19015	11.86	26.45	0.03	NA	NA	NA
BS_6MY8W3H0	PT_PY4QFHHV	7316-3768	34.91	9.03	0.11	NA	NA	NA
BS_6MZ7FRZH	PT_6BX46NVR	7316-3893	34.69	16.97	0.86	NA	NA	NA
BS_6N3AFF66	PT_SBHN5F68	7316-516	49.47	13.56	0	NA	NA	NA
BS_6NRTJSYK	PT_98QMQZY7	7316-464	37.23	13.87	15.2	NA	NA	NA
BS_6NTXGQAC	PT_9AHA6KW3	7316-395	28.77	9.99	0.01	NA	NA	NA
BS_6P50QTPP	PT_2ECVKTTQ	7316-2154	42.91	10.46	0.01	NA	NA	NA
BS_6R7SFVV2	PT_HQ89KPKT	7316-202	44.13	10.96	0.07	NA	NA	NA
BS_6T4JGBGY	PT_218SX3G4	7316-529	32.3	13.29	0.03	NA	NA	NA
BS_6VF6VPCG	PT_3MNY9BRY	7316-2583	33.04	15.23	0	NA	NA	NA
BS_6VPKXXMR	PT_6PP78VNE	7316-1893	14.95	25.94	0.02	NA	NA	NA
BS_6WP1FHTE	PT_Z4PJA6KT	7316-1763	31.87	19.47	0.08	NA	NA	NA
BS_6YMJ621P	PT_0F3RHT8J	7316-2673	44.84	9.22	0.01	NA	NA	NA
BS_70FFPA51	PT_BCWGRGDB	7316-3623	48.8	10.77	0	NA	NA	NA
BS_7327SDAQ	PT_7WT6P5M8	7316-2308	12.75	23.59	0	NA	NA	NA
BS_742RHK1M	PT_1TB2V1PH	7316-2608	49.08	37.79	3.71	NA	NA	NA
BS_74FS6GMW	PT_XTVQB9S4	7316-2933	35.37	18.3	2.79	NA	NA	NA
BS_74G5K7JF	PT_8PV84CNE	7316-532	36.33	10.76	0.01	NA	NA	NA
BS_769BDPDB	PT_2FVTD0WR	7316-917	29.54	12.56	0	NA	NA	NA
BS_77317DY4	PT_D7KMPYTZ	7316-2133	65.93	11.32	0.36	NA	NA	NA
BS_775HDFNY	PT_GCKT4FJX	7316-3919	43.35	19.93	0	NA	NA	NA
BS_77CDMEY4	PT_HKWE1GCK	7316-259	26.39	18.94	0	NA	NA	NA
BS_78QX3XDF	PT_Q38AT6JY	7316-3773	25	17.31	0.01	NA	NA	NA
BS_7B89YR6K	PT_ZZWYKZZ8	7316-2758	34.83	13.51	0.14	NA	NA	NA
BS_7BTZQKYY	PT_QZN7FZER	7316-2757	33.66	10	0	NA	NA	NA
BS_7BW0YRPY	PT_0T2EWNYR	7316-1981	50.8	20.3	0.31	NA	NA	NA
BS_7C40TRCY	PT_NCDHZ8H8	7316-2780	49	17.78	0.44	NA	NA	NA
BS_7FWZ518S	PT_SBP79T7F	7316-315	71	11.85	0.42	NA	NA	NA
BS_7G42J2SK	PT_BWN251DF	7316-659	41.63	12.42	0.12	NA	NA	NA
BS_7GJT4A6A	PT_9JT1441X	7316-544	39.27	14.5	0	NA	NA	NA
BS_7H4RFCW9	PT_6DW5NFKX	7316-3150	39.75	25.79	0	NA	NA	NA
BS_7N0B2CY1	PT_NPHZQW6A	7316-1985	52.69	9.82	0	NA	NA	NA
BS_7P83Z28P	PT_K63972GG	7316-666	45.2	14.49	0	NA	NA	NA
BS_7S6GNG04	PT_QH9H491G	7316-382	32.22	12.76	0	NA	NA	NA
BS_7T1J3KET	PT_EC8R84NM	7316-341	49.77	16.72	0	NA	NA	NA
BS_7WM3MNZ0	PT_W5GP3F6B	A16915	1.91	29.04	0	NA	NA	NA
BS_7WNSZNE3	PT_Z4GS3ZQQ	7316-1797	50.51	20.27	0.14	NA	NA	NA
BS_7XQRH69M	PT_CQ7EGCMB	7316-3809	67.84	20.39	0.36	NA	NA	NA
BS_7XRN3CFX	PT_3T3VGWC6	7316-375	34.61	15.32	0.01	NA	NA	NA
BS_7Z93ZYMS	PT_3J0ASVHN	7316-3622	43.35	13.33	0	NA	NA	NA
BS_7ZV3DPGT	PT_QD6KKKJH	7316-1765	13.44	9.07	2.17	NA	NA	NA
BS_81SP2HX4	PT_XA98HG1C	7316-931	46.05	22.42	0.52	NA	NA	NA
BS_84XCR9GG	PT_CB1DN0V8	7316-2241	48.52	13.92	0.11	NA	NA	NA
BS_850BAHH9	PT_HVZTF42R	7316-2187	39.28	13.2	0	NA	NA	NA
BS_86Q14TZG	PT_2WA5PM32	7316-949	28.35	22.51	0.07	NA	NA	NA
BS_893A91ZM	PT_K8ZV7APT	7316-2665	23.05	16.43	0	NA	NA	NA
BS_8D0NYM46	PT_PNED3GG3	7316-387	44.41	23.99	0.02	NA	NA	NA
BS_8F9BDWY4	PT_XY404K0D	7316-1782	57.76	15.73	0.01	NA	NA	NA
BS_8GW1TMV2	PT_GR8P8NY5	7316-178	38.18	19.66	0.36	NA	NA	NA
BS_8J09S6MZ	PT_D8D108NY	7316-448	48.68	15.44	0.02	NA	NA	NA
BS_8J3B6ZB6	PT_EF398HVC	7316-1975	38.2	17.39	0	NA	NA	NA
BS_8MA5B8Y9	PT_AP658JQV	7316-1694	33.21	16.4	0.11	NA	NA	NA
BS_8NY9J9NQ	PT_JEW5HG4W	7316-1703	35.17	13.43	0.01	NA	NA	NA
BS_8PNA0V6R	PT_QQZXYR4M	7316-1946	16.71	14.62	0.01	NA	NA	NA
BS_8Q77HZ4R	PT_YBJYA2CD	7316-2244	41.8	9.69	0	NA	NA	NA
BS_8QB4S4VA	PT_8VRZRZ7R	7316-536	76.88	28.11	0	NA	NA	NA
BS_8RCR7Y4B	PT_RXJZ3C5G	7316-2632	88.05	13.86	0	NA	NA	NA
BS_8RHPJ740	PT_ZA95JQEB	7316-384	21.78	18.4	0	NA	NA	NA
BS_8S86CM61	PT_SA94083W	7316-1856	83.93	17.88	0.19	NA	NA	NA
BS_8SKZ7BRN	PT_9D2N4S5Z	7316-93	35.24	57.93	1.57	NA	NA	NA
BS_8T7DZV2F	PT_62VNQ8C4	7316-968	28.7	12.05	0	NA	NA	NA
BS_8VAZSJEN	PT_6R95FQT2	7316-459	42.42	12.39	0.01	NA	NA	NA
BS_8WPNFT03	PT_CAYBADQC	7316-2641	20.64	47.19	0	NA	NA	NA
BS_8Z3SCKB5	PT_66XN3MT1	7316-936	44.62	18.46	0	NA	NA	NA
BS_8ZD6J47V	PT_4347ZBEX	7316-913	53.84	15.47	0.49	NA	NA	NA
BS_8ZP3CBQA	PT_T4VKB29K	7316-2125	30.89	15.7	0	NA	NA	NA
BS_8ZS9F31R	PT_DW2XRPC9	7316-1723	29.63	19.41	1.16	NA	NA	NA
BS_8ZY4GST0	PT_V1HNAC2Q	A07150	8.55	20.4	0	NA	NA	NA
BS_90B22NGP	PT_JCECCFPB	7316-479	67.5	10.53	0	NA	NA	NA
BS_912NX4Y0	PT_1P436YMM	7316-3917	43.34	11.2	0.01	NA	NA	NA
BS_91VYM11A	PT_MDWPRDBT	7316-2660	38.38	12.43	0.04	NA	NA	NA
BS_92MT680S	PT_98QMQZY7	7316-2724	11.76	5.25	0	NA	NA	NA
BS_92VDQ0NE	PT_DFQAH7RS	7316-2760	45.56	11.38	0.01	NA	NA	NA
BS_94MT16N2	PT_JYZA0PNV	7316-437	78.92	18.07	0	NA	NA	NA
BS_9755PSCS	PT_KBA2VNA2	7316-2249	26.24	14.58	0	ATRX--ATP7A	NA	NA
BS_97M1E2DW	PT_B38P3Y5T	7316-3208	46.45	16.35	0.11	NA	NA	NA
BS_983Z6CA6	PT_3KM9W8S8	7316-3045	19.59	13.96	3.61	NA	NA	NA
BS_996ZS2A4	PT_RX1EWBP9	7316-2276	28.27	18.56	0.55	NA	NA	NA
BS_99B1XRZQ	PT_3VCS1PPF	7316-490	59.45	16.87	0.15	NA	NA	NA
BS_9BJARSX3	PT_41QYPSGV	7316-884	28.15	16.62	0	NA	NA	NA
BS_9CA93S6D	PT_HSHPZAEZ	7316-545	42.59	14.63	0.01	NA	NA	NA
BS_9DFBHHB5	PT_KMHGNCNR	7316-944	48.18	13.43	0	NA	NA	NA
BS_9DZ253JY	PT_N8W26H19	7316-3061	6.3	3.16	0	NA	NA	NA
BS_9E7YVFJM	PT_37WTWPZY	7316-73	19.2	14.2	0.01	NA	NA	NA
BS_9F09XV62	PT_C2VY5NM6	7316-875	37.01	13.78	0.01	NA	NA	NA
BS_9FHSNVS0	PT_JV9G8MFD	7316-2269	112	37.99	0.21	NA	NA	NA
BS_9G69F50J	PT_25Z2NX27	7316-1462	20.84	14.2	0.01	NA	NA	NA
BS_9GJ23RHH	PT_M2J30CF7	7316-1747	25.05	21.31	0.55	NA	NA	NA
BS_9HA238XS	PT_X84SD608	7316-497	37.5	12.06	0	NA	NA	NA
BS_9HSGV9TJ	PT_P75ZXB1S	7316-692	57.17	8.29	0	NA	NA	NA
BS_9M5XJ10G	PT_VH6S71AC	7316-735	82.67	26.23	0.79	NA	NA	NA
BS_9NJHQE9F	PT_VJZN69T9	7316-3510	52.77	14.09	0.9	NA	NA	NA
BS_9NZ2D6AD	PT_9YMRNZHH	7316-2178	54.31	21.44	0.38	NA	NA	NA
BS_9P9MB8X8	PT_45YH276T	7316-499	52.2	14.91	0	NA	NA	NA
BS_9PB3XH5D	PT_04YTK82N	7316-746	68.74	23.33	0.32	NA	NA	NA
BS_9Q6Z6VJC	PT_M5HDHQNQ	7316-475	30.61	15.92	0	NA	NA	NA
BS_9RT63JD9	PT_AEDWCP8Z	7316-851	32.17	11.71	0	NA	NA	NA
BS_9SJWWYQ4	PT_3CVMBGD7	7316-1963	50.07	14.77	0	NA	NA	NA
BS_9V633J1X	PT_BTTM2HS5	7316-2287	53.39	17.2	0.2	NA	NA	NA
BS_9XVACXP0	PT_387VK1T9	7316-3625	64.78	16.58	0.01	NA	NA	NA
BS_9XWJ88Q1	PT_DEKWG1QG	7316-2139	28.67	9.95	0	NA	NA	NA
BS_A0DYVX9J	PT_QDGVJKE0	7316-2140	20.36	22.52	0.01	NA	NA	NA
BS_A13BMEF5	PT_TB8HPJBN	7316-2663	49.21	15.34	0	NA	NA	NA
BS_A14Z8BBK	PT_G1QNGVCZ	7316-1118	77.79	10.45	0.18	NA	NA	NA
BS_A1VEGWTR	PT_5ABCFCSK	7316-1851	45.78	13.51	0.1	NA	NA	NA
BS_A3QZB9Y2	PT_HT4HJXY6	7316-901	37.9	12.57	0	NA	NA	NA
BS_A46RDWGM	PT_K6G6BE6G	7316-1113	41.32	17.04	0	NA	NA	NA
BS_A7MC2KR2	PT_S2ASFBP7	7316-2157	34.67	22.16	0	NA	NA	NA
BS_A7Q8G0Y1	PT_PR4YBBH3	7316-126	46.35	15.08	0.25	NA	NA	NA
BS_A87NPZAP	PT_X1XVE1XX	7316-3511	67.51	16.66	0.69	NA	NA	NA
BS_A89VAPVV	PT_A4KA01ZH	7316-894	44.2	17.3	0.23	NA	NA	NA
BS_AA164D3A	PT_GCXG7800	7316-2720	21.72	25.06	0.01	NA	NA	NA
BS_ABYF92Z9	PT_6MB6RED3	7316-226	43.91	15.63	0.01	NA	NA	NA
BS_AD4JPN9Q	PT_17W3GJPT	7316-2306	38.12	15.51	0.01	NA	NA	NA
BS_AG3D3435	PT_7YSCM82T	7316-1658	44.45	15.49	0.06	NA	NA	NA
BS_AG4H9S3J	PT_NFDHYPGT	7316-3152	34.9	15.05	0	NA	NA	NA
BS_AGS1HHGF	PT_HN0AXSZ0	7316-1103	37.37	11.72	0	NA	NA	NA
BS_AGTPCRR4	PT_TS0H697Y	7316-394	30.93	14.26	0.1	NA	NA	NA
BS_AHEFXG7W	PT_VY45XTT7	7316-1801	46.61	14.34	0.61	NA	NA	NA
BS_AJ6X83G5	PT_TRXF649Z	7316-915	47.21	8.69	0.01	NA	NA	NA
BS_AKRHBPNZ	PT_3NM45TQ8	7316-1077	38.87	11.66	0.01	NA	NA	NA
BS_AM70R8RG	PT_PABK01H0	7316-1669	61.86	25.41	1.56	NA	NA	NA
BS_AMQGM1V9	PT_J3B812DT	7316-123	56.29	9.97	0.01	NA	NA	NA
BS_AMZ70B6F	PT_3VQEVNDD	7316-1680	54.01	22.16	0.14	NA	NA	NA
BS_AP0SZ364	PT_PGVQ4XRZ	7316-946	46.9	13.3	0.02	NA	NA	NA
BS_ARBQDTT5	PT_9M4CQX3M	7316-1972	58.05	10.02	0.01	NA	NA	NA
BS_ARFQ1WG3	PT_8GW4J4TD	7316-3630	38.74	18.37	0	NA	NA	NA
BS_AVYNZHSB	PT_S7WJ99PC	7316-677	44.2	14.55	0	NA	NA	NA
BS_AWH9757B	PT_59FJRPVX	7316-3769	44.94	13.99	0.34	NA	NA	NA
BS_AZN38B7V	PT_ZCXS29JJ	7316-2153	11.6	10.96	0	NA	NA	NA
BS_B0SVFK4P	PT_RRT2E7HK	7316-136	29.3	48.56	0.01	NA	NA	NA
BS_B1C6GZ84	PT_2QZJ4T95	7316-715	51.92	21.21	0.7	NA	NA	NA
BS_B1HVNV0T	PT_FYECBRPP	7316-1778	51.52	10.19	0	NA	NA	NA
BS_B24PKKQB	PT_596H0BQF	7316-498	20.04	8	0	NA	NA	NA
BS_B3M5SGPA	PT_4XVA57J7	7316-1760	27.8	19.39	0	NA	NA	NA
BS_B53Z0T1Q	PT_7RMS6K08	7316-1748	40.03	15.07	0	NA	NA	NA
BS_B61168DE	PT_1NN9AW39	7316-3148	16.15	20.09	0.01	NA	NA	NA
BS_B6M763JS	PT_QT3MK7BZ	7316-1977	40.19	15.58	0	NA	NA	NA
BS_B741RZY9	PT_ZS2YDFBE	7316-2860	35.25	10.07	0	NA	NA	NA
BS_B7GEH89C	PT_H57TEQDT	7316-2324	33.77	16.32	0	NA	NA	NA
BS_B7QS4DHK	PT_S4YNE17X	7316-4341	25.8	17.3	0.01	NA	NA	NA
BS_B7X8VXQ3	PT_FAD8FQ6S	7316-120	53.2	9.38	0	NA	NA	NA
BS_B8T7M0WV	PT_R1N5M7NH	7316-3557	35.86	12.26	0	NA	NA	NA
BS_B9V8RGTA	PT_J50NZYZF	7316-956	50.47	16.07	0.55	NA	NA	NA
BS_BA6AZWB3	PT_YV2S3ES7	7316-182	58.72	16.35	1.39	NA	NA	NA
BS_BB0YW800	PT_XCX9W17B	7316-19	23.5	8.63	0	NA	NA	NA
BS_BC936YNZ	PT_KHX1WQ4H	7316-186	49.23	15.74	0	NA	NA	NA
BS_BHR08WGW	PT_6TZR2DH1	7316-100	36.31	17.71	0	NA	NA	NA
BS_BJDNWMJH	PT_KVFS3Z2Q	7316-1955	54.41	12.74	0	NA	NA	NA
BS_BKQZ550R	PT_41WETNRC	7316-3065	35.49	15.63	0.01	NA	NA	NA
BS_BKR4E30C	PT_E3S6H59E	7316-133	27.54	15.29	0	NA	NA	NA
BS_BMMY0H73	PT_X5TQR8V2	7316-343	5.76	25.34	0	NA	NA	NA
BS_BN986DF6	PT_PFA762TK	7316-368	38.21	16.37	0	NA	NA	NA
BS_BPSTSCBJ	PT_ATE3YRH5	7316-3308	48.39	16.59	0.02	NA	NA	NA
BS_BPWEFR89	PT_FN4GEEFR	7316-729	61.89	17.74	1.31	NA	NA	NA
BS_BSV07M7Z	PT_PX4E85V1	7316-1083	56.88	21.85	0.02	NA	NA	NA
BS_BVSW4GTG	PT_DACV00WF	7316-489	68.08	22.48	0.08	NA	NA	NA
BS_BWBDH9GM	PT_JNEV57VK	7316-3058	27.16	21.77	0	NA	NA	NA
BS_BXXJ9P8C	PT_Y97DX151	7316-291	35.97	16.61	0	NA	NA	NA
BS_BYCX6VK1	PT_3AWKWXEV	7316-85	19.81	34.36	0	NA	NA	NA
BS_C05FKR8X	PT_ZWY04DCR	7316-2666	22.35	22.98	0.17	NA	NA	NA
BS_C0XFDP38	PT_NH8CJ84W	7316-164	18.86	12.98	0	NA	NA	NA
BS_C3P5BC92	PT_T2M1338J	7316-258	16.11	18.32	0	NA	NA	NA
BS_C41DJZ1F	PT_30H1KV15	7316-1059	22.19	19.13	0.01	NA	NA	NA
BS_C51RB0YR	PT_DMMKT7X1	7316-1635	43.76	14.49	0	NA	NA	NA
BS_C6SKJG3N	PT_XDV8W16W	7316-3751	41.87	11.85	0	NA	NA	NA
BS_C6ZZ3FY5	PT_X71D7G5S	7316-1105	16.76	11.47	0	NA	NA	NA
BS_C7A2TYAC	PT_JXGMAHHN	7316-874	46.91	16.72	0	NA	NA	NA
BS_C7N3J4NW	PT_KDW5HHWQ	7316-2237	32.35	10.88	0.16	NA	NA	NA
BS_C80S5N37	PT_K2YDNZDA	7316-429	42.44	9.87	0	NA	NA	NA
BS_C83TK159	PT_1AAYYGGY	A14709	21.15	15.9	0.02	NA	NA	NA
BS_CB6VK7PB	PT_JMW6Q6NH	7316-1648	48.35	17.04	0	NA	NA	NA
BS_CGB2WS2A	PT_VJ0M4E8Y	7316-2099	40.31	12.81	0	NA	NA	NA
BS_CHDGRYHJ	PT_82MX6J77	7316-302	34.76	22.84	0.6	NA	NA	NA
BS_CQEETJ66	PT_NXX0M835	7316-948	42.35	16.92	0	NA	NA	NA
BS_CQSAJ7BF	PT_GPQJYAW4	7316-1750	50.89	9.66	0.17	NA	NA	NA
BS_CREQ97QC	PT_BCN28SW9	7316-3574	47.85	9.63	0.02	NA	NA	NA
BS_CS170P7T	PT_GQDHZFJP	7316-265	44.74	19.56	0	NA	NA	NA
BS_CS66RYDA	PT_S4YNE17X	7316-3963	21.42	13.93	0	NA	NA	NA
BS_CTR5X93B	PT_XNMKQ4MR	7316-2006	48.96	12.85	0	NA	NA	NA
BS_CVGFNCBJ	PT_CB9PD1YP	7316-97	30.3	14.22	0.01	NA	NA	NA
BS_CW9QV8AG	PT_ZZ8SBJJ5	7316-725	36.09	10.67	0	NA	NA	NA
BS_CXVGG342	PT_2WVW55DA	7316-2100	16.31	20.68	0	NA	NA	NA
BS_CXVJK2FY	PT_CYVVA9AB	7316-3299	20.46	19.05	0.12	NA	NA	NA
BS_CYEY58NY	PT_BDM0M83S	7316-3072	62.75	11.15	0.1	NA	NA	NA
BS_CZ3ER8DY	PT_ECMZCNTF	7316-736	30.37	12.47	0.17	NA	NA	NA
BS_CZ3NA7KV	PT_B5K3A4F4	7316-1214	37.73	17.04	0.08	NA	NA	NA
BS_CZ82ANWP	PT_868QRW9G	7316-3132	70.51	22.43	0.15	NA	NA	NA
BS_D0BGESQF	PT_ZN1F7RMP	7316-1080	23.14	9.43	0	NA	NA	NA
BS_D0RDN4K5	PT_FF0MSK4D	7316-2987	58.79	41.69	0.2	NA	NA	NA
BS_D144EJRQ	PT_V8714N9H	7316-2322	71.5	12.97	0.43	NA	NA	NA
BS_D29RPBSZ	PT_JNEV57VK	7316-3058	36.14	21.14	0.17	NA	NA	NA
BS_D2K9C7XR	PT_N673SYWW	7316-1751	55.13	20.12	0.72	NA	NA	NA
BS_D3YBV7KB	PT_NPPBNRVV	7316-1943	33.47	12.88	0	NA	NA	NA
BS_D4PJYHZ2	PT_9ZY739FB	7316-170	11.44	9.56	0	NA	NA	NA
BS_D5NQV7N5	PT_VT6PJVQN	7316-205	16.36	8.25	0.01	NA	NA	NA
BS_D5P6EZ1M	PT_WVAJN6WR	7316-456	46.53	15.73	0	NA	NA	NA
BS_D7XRFE0R	PT_RYMG3M91	A18777	52.36	27.19	2.29	NA	NA	NA
BS_D8N31T39	PT_2WVW55DA	7316-502	38.92	27.05	0	NA	NA	NA
BS_D9GEXXHX	PT_AQWDQW27	7316-1705	26.73	13.6	0	NA	NA	NA
BS_DBDXCXT5	PT_HFQNKP5X	7316-4062	32.01	9.76	0.79	NA	NA	NA
BS_DBEX7AG2	PT_38FS37DP	7316-2686	45.01	72.07	2.43	NA	NA	NA
BS_DEHJF4C7	PT_PFP1ZVHD	7316-2310	31.03	16.06	0.06	NA	NA	NA
BS_DFGS950G	PT_JJ8QNAM8	7316-714	26.15	22.77	0.73	NA	NA	NA
BS_DFWFBYSN	PT_RJ98S3KZ	7316-556	72.67	19.4	0.04	NA	NA	NA
BS_DGTPWJ59	PT_X8SK8120	7316-340	55.87	15.15	0	NA	NA	NA
BS_DHA5FMVW	PT_ND34A6PR	7316-122	50.78	27.87	0.79	NA	NA	NA
BS_DMZP9G1H	PT_2ZXR2PDN	7316-1636	44.04	9.41	0.01	NA	NA	NA
BS_DPF1CX0G	PT_ZVV78QP5	7316-117	49.4	15.28	0	NA	NA	NA
BS_DRD9QXR5	PT_MQHST8YC	7316-3316	27.95	13.33	0.01	NA	NA	NA
BS_DRY58DTF	PT_Z4PJA6KT	7316-1763	25.18	16.64	0	NA	NA	NA
BS_DS438CXE	PT_0DXHDZJR	7316-2857	48.3	18.56	0.01	NA	NA	NA
BS_DSS3S5XD	PT_SDK91A16	7316-247	34.96	17.92	0.07	NA	NA	NA
BS_DV86M0Y7	PT_2Z7GVDTM	7316-3515	46.97	11.59	0.01	NA	NA	NA
BS_DVCQ8XDZ	PT_0RN3VSXZ	7316-3073	36.72	10.94	0	NA	NA	NA
BS_DY88N5ZT	PT_DFCZAG9T	7316-224	54.45	20.18	0.72	NA	NA	NA
BS_DY9NTFQR	PT_XP8AM1CH	7316-1096	40.96	10.19	0	NA	NA	NA
BS_E054DFJN	PT_7T13FDWK	7316-1082	19.16	12.91	0	NA	NA	NA
BS_E0N3PTPN	PT_1H2REHT2	7316-2990	45.69	14.77	0	NA	NA	NA
BS_E1CGF3KV	PT_2PRV78FX	7316-176	37.62	16.29	0.01	NA	NA	NA
BS_E2Z940S4	PT_QH9H491G	7316-1461	38.49	16.91	0	NA	NA	NA
BS_E3BAT4C1	PT_F3S9PB94	7316-2240	52.01	15.5	0.12	NA	NA	NA
BS_E3EJHXQV	PT_0CE0HFYB	7316-2581	32.12	16.52	0	NA	NA	NA
BS_E4F1D721	PT_1DY2TP9N	7316-1786	32.58	15.16	0	NA	NA	NA
BS_E4GC9EXR	PT_W6AWJJK7	7316-893	43.72	14.56	0.01	NA	NA	NA
BS_E4QK839R	PT_VZTTTP3Q	7316-167	27.88	14.73	0	NA	NA	NA
BS_E60JZ9Z3	PT_Z4PJA6KT	7316-1763	33.96	27.8	0.05	NA	NA	NA
BS_E94QRJDW	PT_20ZM6THA	7316-3629	46.8	14.68	0	NA	NA	NA
BS_EBMCTR80	PT_8R00BMHH	7316-1845	70.7	14.36	0	NA	NA	NA
BS_EF775B3K	PT_XNTFM9XY	7316-92	48.87	10.47	0.01	NA	NA	NA
BS_EFE4YEK3	PT_RH59ET3M	7316-1655	79.72	16.71	0.01	NA	NA	NA
BS_EFEZB0ZH	PT_DW6V5V8E	7316-924	35.82	13.6	0	NA	NA	NA
BS_EHVYJAVA	PT_GHHY5AAE	7316-741	41.41	13.93	0	NA	NA	NA
BS_EJ9JKM1C	PT_HFQNKP5X	7316-3295	30.2	13.83	0.27	NA	NA	NA
BS_EK5PCKY0	PT_GFTCNWQ0	7316-775	20.32	9.54	0.07	NA	NA	NA
BS_EMMF4PZX	PT_BZKJR4GK	7316-561	31.66	13.18	0.01	NA	NA	NA
BS_EMYET8F4	PT_7H67Q7VS	7316-2966	50.46	13.77	0.09	NA	NA	NA
BS_EN2VK7NY	PT_Y572BRC1	7316-2147	33.36	17.93	0	NA	NA	NA
BS_ENKG5GF3	PT_KCTZZA3G	7316-223	26.72	14.25	0.04	NA	NA	NA
BS_ERJAJ0KA	PT_DXF7ZZQZ	7316-2809	42.4	14.8	0.05	NA	NA	NA
BS_ERWT0ZWE	PT_7BJBEBZT	7316-1670	42.27	19.71	0.28	NA	NA	NA
BS_ET8CJXSF	PT_VGXHFMND	7316-1643	68.4	12.43	0	NA	NA	NA
BS_EVCAC3NH	PT_Z4GS3ZQQ	7316-740	57.53	10.98	0	NA	NA	NA
BS_EXGBH3TD	PT_T1FV709B	7316-681	45.63	12.4	0.01	NA	NA	NA
BS_EXYHZ6D4	PT_2YCHME6S	7316-2622	19.67	21.74	0	NA	NA	NA
BS_EYSS0ZDS	PT_CM32ZCX6	7316-2215	37.95	16.35	0	NA	NA	NA
BS_EYYMKWB7	PT_E79807KT	7316-1087	38.78	15.94	0	NA	NA	NA
BS_EZ3147MX	PT_KAQMYFYB	A16405	37.24	28.31	0.06	NA	NA	NA
BS_F0JB4EAK	PT_KBFM551M	7316-3214-A07083	11.4	16.45	0.05	NA	NA	NA
BS_F4E8R9VY	PT_8ECE2D92	7316-914	39.28	13.26	0	NA	NA	NA
BS_F5BZSF3Q	PT_D13X3N8F	7316-2743	32.64	14.72	0.07	NA	NA	NA
BS_F6V1Y4QS	PT_Z7YJ7MSM	7316-2864	41.58	27.92	0	NA	NA	NA
BS_F6Z5HFWH	PT_JN3S17B3	7316-1693	48.5	9.16	0	NA	NA	NA
BS_F8N6CFQE	PT_EZEMVRVT	7316-3154	41.81	16.22	0	NA	NA	NA
BS_F9WKPDFG	PT_203ZY782	7316-2668	13.16	2.76	0	NA	NA	NA
BS_FAQQ0GCQ	PT_EPFX7V9H	7316-2571	43.92	15.34	0.01	NA	NA	NA
BS_FAVRBEW7	PT_WYVMWYVA	7316-257	23.13	6.63	0	NA	NA	NA
BS_FBJ5Q54N	PT_FMK5VFYW	7316-950	53.8	21.64	0	NA	NA	NA
BS_FCAKKZ20	PT_9S6WMQ92	7316-95	74.96	15.03	1.54	NA	NA	NA
BS_FCDAH728	PT_KZ56XHJT	A08732	19.81	44.93	0.12	NA	NA	NA
BS_FEPRNEXX	PT_00G007DM	7316-2577	62.43	8.44	0	NA	NA	NA
BS_FEV5A0HN	PT_6SH7PV1N	7316-535	95.42	16.93	0	NA	NA	NA
BS_FEYMKEK8	PT_13MKXR8G	7316-2251	44.41	6.76	0	NA	NA	NA
BS_FJWZ3M7V	PT_X1PRY0FC	7316-1779	34.21	13.86	0	NA	NA	NA
BS_FJZPQZ2C	PT_3T3VGWC6	7316-3923	24.21	10.42	0.01	NA	NA	NA
BS_FKDQJJB5	PT_YFS3AWC0	7316-153	60.58	26.89	0.94	NA	NA	NA
BS_FN07P04C	PT_X7HC5YCY	7316-255	56.15	20.64	1.68	NA	NA	NA
BS_FQX1PRAJ	PT_K8ZV7APT	7316-2166	37.4	12.74	0	NA	NA	NA
BS_FRM9TG02	PT_3P3D97AB	7316-13	33.36	10.12	0	NA	NA	NA
BS_FRZ76GEG	PT_2BTC5TEN	7316-2183	41.12	18.74	0	NA	NA	NA
BS_FTKPQ5FZ	PT_VR8T8JX8	7316-762	53.39	13.46	0.7	NA	NA	NA
BS_FW5ECXXK	PT_3C6QA9MA	7316-1279	33.68	9.76	0.78	NA	NA	NA
BS_FWMJPKCV	PT_7VPSS2SN	7316-3621	59.29	17.1	0	NA	NA	NA
BS_FX2P2WEG	PT_0SPKM4S8	7316-2640	41.18	28.04	0.05	NA	NA	NA
BS_FXJY0MNH	PT_8P368R5B	7316-4998	33.45	15.54	0.06	NA	NA	NA
BS_FYRDYBMZ	PT_ARCM3PXM	7316-1187	25.93	12.33	0.01	NA	NA	NA
BS_G00FHF3Q	PT_TKWTTRQ7	7316-2971	80.41	22.12	0.02	NA	NA	NA
BS_G1Y281HX	PT_P1290MMP	7316-125	22.5	10.41	0.06	NA	NA	NA
BS_G23JJAZY	PT_23K3YS1P	7316-189	42.05	11.98	0.02	NA	NA	NA
BS_G3NN392N	PT_QA9WJ679	A08768	0.79	15.66	0.01	NA	NA	NA
BS_G3RJTBZD	PT_3CHB9PK5	7316-2085	20.87	22.59	0	NA	NA	NA
BS_G5QBBHDV	PT_27FDWCVZ	7316-184	29.77	31.84	0.01	NA	NA	NA
BS_G63HYD6N	PT_PKP1250P	7316-2556	34.22	16.68	0.26	NA	NA	NA
BS_G7AGNB5G	PT_EYHJQQ8E	7316-77	66.69	16.96	0	NA	NA	NA
BS_G9XE3N9T	PT_2VSDT9CK	7316-3575	50.68	13.22	0.01	NA	NA	NA
BS_GAGRGSSX	PT_4J24F353	7316-1137	36.71	18.53	0.97	NA	NA	NA
BS_GC3CH9TY	PT_EJ8TKG2Z	7316-3571	27.69	14.04	0.01	NA	NA	NA
BS_GCA4GET3	PT_6TKJRSPW	7316-162	53.43	13.49	0	NA	NA	NA
BS_GCQFGDTX	PT_PJSV0X4X	7316-843	57.93	23.06	3.09	NA	NA	NA
BS_GDHH6T5A	PT_K8ZV7APT	7316-10	17.65	10.01	0.01	NA	NA	NA
BS_GE2RVZE6	PT_TKWTTRQ7	7316-407	73.99	26.61	0.13	NA	NA	NA
BS_GFM6EA61	PT_HFQNKP5X	7316-921	24.25	10.99	0.05	NA	NA	NA
BS_GG9W3J9Y	PT_J5NSRW1Y	7316-3817	32.44	12.97	0.89	NA	NA	NA
BS_GHNJ4CYC	PT_1J2DT6MM	7316-2184	39.98	13.58	0	NA	NA	NA
BS_GJNCYABP	PT_7MZRW1DH	7316-2582	25.77	16.13	0.02	NA	NA	NA
BS_GM9Y3AZ5	PT_P4GDWHXA	7316-477	5.64	1.72	0.01	NA	NA	NA
BS_GMDQK06Q	PT_FAQWD7GX	7316-2311	32.12	15.18	0	NA	NA	NA
BS_GMJBGBWB	PT_8GBF5MTD	7316-166	51.81	16.9	0.01	NA	NA	NA
BS_GNV89A5P	PT_45P9F9MD	7316-314	86.27	15.19	0.26	NA	NA	NA
BS_GPEGRCCT	PT_YXJQGT69	7316-934	44.09	20.06	0	NA	NA	NA
BS_GR46VD0Q	PT_S4YNE17X	7316-2899	41.62	13.52	0	NA	NA	NA
BS_GS1KR5PK	PT_CXT81GRM	7316-1772	36.63	12.72	3.16	NA	NA	NA
BS_GSVCN2XC	PT_YZ8A8A36	7316-723	59.85	7.83	0.04	NA	NA	NA
BS_GTZCFGRZ	PT_4ADZ9F53	7316-3060	53.76	23.58	0.01	NA	NA	NA
BS_GV3NZ9QD	PT_N4PR21ME	7316-330	40.08	11.27	0	NA	NA	NA
BS_GW0GKWMS	PT_P2NGYMG5	7316-1956	13.53	14.31	0	NA	NA	NA
BS_GWCRMKE6	PT_D5KHK0SS	7316-882	34.3	14.98	0	NA	NA	NA
BS_GWSJ4Z9H	PT_9GKVQ9QS	A05262	18.6	24.68	0.13	NA	NA	NA
BS_GXTFW99H	PT_HNZNZ635	7316-2151	24.46	22.44	0	NA	NA	NA
BS_GYA4V1RD	PT_XWVQW6JX	7316-3556	46.22	12.31	0	NA	NA	NA
BS_GYXSDZ56	PT_5P3XJ97K	7316-390	40.05	16.19	0	NA	NA	NA
BS_H0QWRJE2	PT_MDWPRDBT	7316-2146	50.88	8.42	0	NA	NA	NA
BS_H1XPVS9A	PT_T8V9ES93	7316-1106	48.77	21.61	0	NA	NA	NA
BS_H1ZS5FMZ	PT_MXK5R7RJ	7316-1055	54.92	20.69	0.08	NA	NA	NA
BS_H3FE3TH9	PT_1BV6ND1D	7316-3203	51.77	12.27	0	NA	NA	NA
BS_H3Y8FWHV	PT_BWFTKJXT	7316-1094	43.35	13.93	0	NA	NA	NA
BS_H4B5Y6S0	PT_QYEF3JAT	7316-1460	48.2	15.4	0.26	NA	NA	NA
BS_H4NXBD2D	PT_0CVRX4SJ	7316-764	32.47	13.87	1.27	NA	NA	NA
BS_H8A9PSYA	PT_XSS1ANXD	7316-495	52.72	14.2	0	NA	NA	NA
BS_H97S5SQN	PT_DMAF1J4A	A18552	20.32	17.92	0.01	NA	NA	NA
BS_HA20Y4XY	PT_4ZSR5DY8	7316-2667	49.2	16.2	0	NA	NA	NA
BS_HB03GSHF	PT_CWA1405H	7316-2252	48.27	21.34	0.1	NA	NA	NA
BS_HBJZR69P	PT_8WNA6M94	7316-1983	44.08	15.76	0.01	NA	NA	NA
BS_HC44ZA0V	PT_8RB7TPS2	7316-322	38.73	13.81	0	NA	NA	NA
BS_HC5M8JTC	PT_K39HM2JF	7316-1084	37.39	12.54	0.01	NA	NA	NA
BS_HCP5C912	PT_WG5PHHSQ	7316-1962	35.85	9.42	0	NA	NA	NA
BS_HD4EJYE3	PT_EZS4SRH6	7316-676	67.41	16.88	0.07	NA	NA	NA
BS_HE0WJRW6	PT_JT9HH7M6	7316-1455	79.73	21.14	0.01	NA	NA	NA
BS_HE57E1RP	PT_9DER14KH	7316-2230	57.42	23.86	3.44	NA	NA	NA
BS_HF3RNN2T	PT_DFXQFYPV	7316-2155	103.96	18.4	0.03	NA	NA	NA
BS_HHPA8NJ2	PT_QW5VW2PY	7316-313	59.49	13.11	1.14	NA	NA	NA
BS_HJRTC9JQ	PT_VTM2STE3	7316-2189	22.25	15.08	0.01	NA	NA	NA
BS_HKZENFDA	PT_DESHZ91V	7316-2009	46.45	13.95	0.1	NA	NA	NA
BS_HQ5BJ6MW	PT_E1TRJP8V	7316-134	45.36	11.57	0	NA	NA	NA
BS_HSHN8PBB	PT_E78NHRWQ	7316-1081	37.09	16.76	0.01	NA	NA	NA
BS_HTEPAKCM	PT_G3AVDN4E	7316-2227	86.89	12.28	0	NA	NA	NA
BS_HV8PFRBR	PT_DEYCW197	7316-175	38.41	14.55	0	NA	NA	NA
BS_HWGWYCY7	PT_JT9HH7M6	7316-1455	25.05	21.04	0	NA	NA	NA
BS_HX0S30NE	PT_H45M7M2T	7316-1652	44.28	17.43	0	NA	NA	NA
BS_HZ707C55	PT_ZZRBX5JT	7316-2661	25.37	17.61	0	NA	NA	NA
BS_HZE3KYZ1	PT_E4ECAFEN	7316-38	89.5	19.7	0.02	NA	NA	NA
BS_HZRM07TW	PT_EDWA0XTP	7316-670	18.08	15.92	0.3	NA	NA	NA
BS_J1AB8PMA	PT_0WMP712K	7316-922	47.44	23.01	2.84	NA	NA	NA
BS_J483EMFP	PT_ESHACWF6	7316-878	38.71	20.81	0.11	NA	NA	NA
BS_J4GQPZS0	PT_EYWDFKA7	7316-29	47.57	13.7	0	NA	NA	NA
BS_J60G8DMK	PT_G16WS1MW	7316-279	42.61	8.88	0	NA	NA	NA
BS_J6VKB1VE	PT_CG2S2H2R	7316-974	52.46	12.18	0.01	NA	NA	NA
BS_J70GK8SM	PT_QWR0EECG	7316-1480	35.33	11.78	0.04	NA	NA	NA
BS_J71N7D09	PT_TVK2KY36	7316-2626	112.86	11.04	0.59	NA	NA	NA
BS_J8G4SH4Z	PT_P4ZEFY19	7316-937	81.75	15.32	0.15	NA	NA	NA
BS_J8VX4D17	PT_7E3V3JFX	7316-506	26.41	18.7	0	NA	NA	NA
BS_JAEM78XS	PT_82MX6J77	7316-2148	44.01	9.91	0	NA	NA	NA
BS_JB43XBCQ	PT_1E3E6GMF	A09985	16.91	20.39	0.02	NA	NA	NA
BS_JBGZ7HHZ	PT_FZHGKJ0H	7316-4033	22.1	11.47	0	NA	NA	NA
BS_JCPKYHKY	PT_GY0QSY4H	7316-1075	38.68	19.94	0.05	NA	NA	NA
BS_JFB984RG	PT_7KBMN6C2	7316-553	73.39	13.1	0.94	NA	NA	NA
BS_JFEZA9KE	PT_F822DBA0	7316-458	54.1	25.98	0.07	NA	NA	NA
BS_JFR750KD	PT_S2SQJVGK	7316-344	46.05	19.02	0	NA	NA	NA
BS_JG9JZTA9	PT_QK4XB83F	7316-663	48.12	17.01	0.02	NA	NA	NA
BS_JGA9BP3A	PT_WE1CHTWK	7316-87	37.98	33.14	0.09	NA	NA	NA
BS_JGPR9SR2	PT_ECBD1D5J	7316-2177	34.01	8.76	0	NA	NA	NA
BS_JH29M4KG	PT_0MHKP408	7316-726	35.96	18.48	0	NA	NA	NA
BS_JHGW42S6	PT_EB89G70N	7316-2858	27.66	13.43	0.01	NA	NA	NA
BS_JK0VPG1T	PT_ATS9XDJ5	7316-2159	39.6	13.61	0	NA	NA	NA
BS_JKXA3FQC	PT_4JG5KWE8	7316-50	47.38	18.7	0.01	NA	NA	NA
BS_JMHG7GCN	PT_5CNZ47XV	7316-1926	45.94	14.61	0	NA	NA	NA
BS_JQVAWTTM	PT_M23Q0DC3	A03942	8.79	16.01	0.12	NA	NA	NA
BS_JR5ATB7G	PT_8M6W215T	7316-305	49.2	13.79	2.08	NA	NA	NA
BS_JRYJGYC4	PT_S2BEPYQ0	7316-3000	43.48	20.3	1.27	NA	NA	NA
BS_JS95PE0J	PT_KZ04SDDS	7316-1774	58.02	22.35	0.02	NA	NA	NA
BS_JSPR854S	PT_0H65S44B	7316-3567	27.25	12.96	0	NA	NA	NA
BS_JT82QGXF	PT_MSBPMJ56	7316-306	35.11	19.26	2.86	NA	NA	NA
BS_JTMXAMB7	PT_5F4N0CAP	7316-219	32.47	6.53	0.02	NA	NA	NA
BS_JVA2NQFF	PT_4TASAQKA	7316-3566	49.58	15.08	0	NA	NA	NA
BS_JVW2JJ39	PT_7570EHD9	7316-1064	78.85	68.21	0.1	NA	NA	NA
BS_JWCX8R17	PT_C4F1HPH5	7316-493	29.32	12.31	0	NA	NA	NA
BS_JWSR581E	PT_6E8JYRXM	7316-2729	47.59	13.61	0	NA	NA	NA
BS_JX449BF5	PT_90W4HCNR	7316-2672	52.74	6.93	0	NA	NA	NA
BS_JX7S9MY7	PT_B0JFCN5W	7316-1773	21.7	11.8	0.02	NA	NA	NA
BS_JXNZYGCR	PT_3A87PCQK	7316-480	37.21	12.08	0.01	NA	NA	NA
BS_JZRM1S3T	PT_78NQ0QQS	7316-1651	45.41	13.87	0.15	NA	NA	NA
BS_K17VQECG	PT_KEQ53KRH	7316-440	45.49	39.04	0.54	NA	NA	NA
BS_K25F4J3V	PT_J302B8Y5	7316-386	54.64	25.34	0.21	NA	NA	NA
BS_K2FHZGTK	PT_AXMVG8QE	7316-2732	47.24	10.85	0.01	NA	NA	NA
BS_K2VYFVKZ	PT_PFA762TK	7316-462	42.34	17.81	0	NA	NA	NA
BS_K3ER45RV	PT_QEP13FH4	7316-3025	34.51	12.13	0.49	NA	NA	NA
BS_K5802F84	PT_NZFFMZ0B	7316-923	34.28	9.16	0.02	NA	NA	NA
BS_K74PZET7	PT_ZG4J0EK0	7316-3774	65.48	14.47	0.76	NA	NA	NA
BS_K7MVS0Z7	PT_ADTP7EHN	7316-1664	46.37	15.34	0	NA	NA	NA
BS_K81DR8XG	PT_GH6HM5QF	7316-3202	30.83	15.77	0.46	NA	NA	NA
BS_KABQQA0T	PT_W5GP3F6B	A16915	5.53	29.16	0	NA	NA	NA
BS_KBEX4RT2	PT_84Q11Z5X	7316-288	19.89	20.79	0	NA	NA	NA
BS_KBT7MQ6H	PT_CYBYN18G	7316-2567	54.41	16.61	0.53	NA	NA	NA
BS_KDSTG5YY	PT_2CJ31SBX	7316-3624	40.56	17.23	0.65	NA	NA	NA
BS_KE56MMY0	PT_9PJR0ZK7	7316-935	38.55	48.37	20.08	NA	NA	LHFPL2--TERT/MIR4457
BS_KEA474HN	PT_EQ5C5TEA	7316-3922	35.4	14.85	0.01	NA	NA	NA
BS_KF0ZXDER	PT_CX58G6P6	7316-2191	39.73	8.82	0	NA	NA	NA
BS_KK0JWATQ	PT_XHYBZKCX	7316-1456	18.39	19.8	0	NA	NA	NA
BS_KK5C8VCK	PT_WWME595X	7316-245	19.18	7.58	0	NA	NA	NA
BS_KM2EX0K6	PT_PAW18EK3	7316-1948	64.44	15.36	0	NA	NA	NA
BS_KN92S7YQ	PT_HEGTYPQJ	7316-2562	59.37	12.69	0.07	NA	NA	NA
BS_KND4B5CW	PT_2NQPX1R2	7316-1116	48.46	18.03	0.01	NA	NA	NA
BS_KP735TJ6	PT_MSQ6GSVP	7316-2274	36.07	15.72	0.01	NA	NA	NA
BS_KPT2WPHW	PT_CR2YBSPT	7316-359	36.53	10.9	0.01	NA	NA	NA
BS_KQ6ZW085	PT_SSE4AH59	7316-1776	38.72	12.97	0	NA	NA	NA
BS_KR4MP5ET	PT_AQWDQW27	7316-1476	23.22	10.6	0	NA	NA	NA
BS_KSKZ9J7J	PT_80NVYCBS	7316-765	43.69	13.98	0.11	NA	NA	NA
BS_KVAJYZ6F	PT_JW2FDK4W	7316-334	39.9	8.13	0	NA	NA	NA
BS_KVNGNETA	PT_GGCQAGPS	7316-304	47.4	57.15	1.25	NA	NA	NA
BS_KVV7001W	PT_E8XM8JFZ	7316-324	41.64	19.79	0.05	NA	NA	NA
BS_KX6J8TRK	PT_XA8ASFJK	7316-3762	26.9	12.76	0.02	NA	NA	NA
BS_KXCY5BN5	PT_GH693TT8	7316-2181	46.39	19.05	0.38	NA	NA	NA
BS_KXH37MPN	PT_AP9P5D7N	7316-1117	41.23	17.1	0	NA	NA	NA
BS_KXMYBQ6N	PT_0WKX8Q5X	7316-88	34.53	16.89	0	NA	NA	NA
BS_KYF0Q0E7	PT_5FR2YA6E	7316-109	49.14	12.95	0.43	NA	NA	NA
BS_KZPR01BD	PT_3873YK5S	7316-2862	45.81	8.2	0	NA	NA	NA
BS_M026T44Q	PT_BF3PGTF7	7316-1808	26.42	11.48	0	NA	NA	NA
BS_M0QYNVK8	PT_37B5JRP1	7316-2217	61.65	10.59	0	ATRX--Z83820.1	NA	NA
BS_M15PW2N0	PT_S4A0R1PM	7316-2699	59.22	16.81	1.55	NA	NA	NA
BS_M1PVEHCM	PT_KBDP8ZCR	7316-1889	37.97	12.7	0	NA	NA	NA
BS_M1T1K5WV	PT_C94VR1Y2	7316-2278	25.35	9.24	0.12	NA	NA	NA
BS_M4923M40	PT_MTE126WM	7316-376	50.45	31.45	2.39	NA	NA	NA
BS_M4NVX721	PT_FWD7NZQ0	7316-1108	40.69	12.25	0	NA	NA	NA
BS_M4TTKPNR	PT_YKVK5HTK	7316-441	33.66	12.25	0.01	NA	NA	NA
BS_M7HCF7DW	PT_2WVW55DA	7316-2092	40.47	18	0	NA	NA	NA
BS_M7QJ8VF0	PT_QD6KKKJH	7316-1765	23.98	7.96	9.62	NA	NA	NA
BS_M84H3KXA	PT_RFGZ2JGP	7316-135	41.23	9.99	0.12	NA	NA	NA
BS_M85CXHDV	PT_6PP78VNE	7316-1893	23.04	17.23	0	NA	NA	NA
BS_M86ECPHK	PT_74XM7BV7	7316-312	53.02	21.73	4.48	NA	NA	NA
BS_M8EA6R2A	PT_4347ZBEX	7316-913	46.05	15.85	0.56	NA	NA	NA
BS_M8M56Z4Y	PT_K30AWQ8A	7316-393	44.84	12.96	0	NA	NA	NA
BS_M8WP5T16	PT_02J5CWN5	7316-2989	29.86	14.52	0	NA	NA	NA
BS_M9C4RY4P	PT_NMZBRFYS	7316-1987	48.83	12.54	0	NA	NA	NA
BS_MA1A3GY0	PT_4XWYZYJS	7316-474	22.51	10.44	0	NA	NA	NA
BS_MA2T7ET1	PT_1Z015H6V	7316-3516	23.01	14.91	0	NA	NA	NA
BS_MB7WN0ZB	PT_5BWZA0NT	7316-1102	41.57	14.84	0.22	NA	NA	NA
BS_MBSTWZA6	PT_9C2G356W	7316-3555	38.86	13.96	0	NA	NA	NA
BS_MD3DT41J	PT_WP871F5S	7316-3336	31.49	14.99	0.48	NA	NA	NA
BS_MDBT7S5Z	PT_QTDY0Y9A	7316-3771	47.02	17.15	0.26	NA	NA	NA
BS_ME3HKN2C	PT_3WA1XB8G	7316-70	50.28	11.1	0	NA	NA	NA
BS_MF47B9ZW	PT_7F485CXV	7316-1114	29.1	12.65	0.02	NA	NA	NA
BS_MF9X3PKH	PT_XXZHRPNM	7316-2572	48.18	13.46	0	NA	NA	NA
BS_MGAMKKBD	PT_6R7AE0P3	7316-2653	17.85	12.98	0.03	NA	NA	NA
BS_MKM0EEN1	PT_W4XVT4AJ	7316-548	31.27	12.9	0.04	NA	NA	NA
BS_MKP2Y41Z	PT_3R0P995B	7316-892	32.24	13.82	0	NA	NA	NA
BS_MM20BVW9	PT_JXSDFPNM	7316-2142	36.06	14.01	0	NA	NA	NA
BS_MMNRZ1EQ	PT_WG2Z95B5	7316-2141	38.15	13.83	3.14	NA	NA	NA
BS_MN5XVP5A	PT_RPC00TAJ	7316-2970	23.43	29.03	0	NA	NA	NA
BS_MQCKXD60	PT_FCM7XPVR	7316-2285	32.29	42.73	0.14	NA	NA	NA
BS_MT15SGJN	PT_99S5BPE3	7316-292	27.88	7.76	0.04	NA	NA	NA
BS_MV6ASWV9	PT_ESHACWF6	7316-1790	83.41	22.8	0.02	NA	NA	NA
BS_MVW01FPB	PT_3KM9W8S8	7316-1771	57.42	16.46	0.31	NA	NA	NA
BS_MWWZBQ60	PT_VCD0W8HG	7316-2756	33.6	16.45	0	NA	NA	NA
BS_MX23ZY0Y	PT_Y5KY6KN9	7316-195	53.78	30.78	0.21	NA	NA	NA
BS_MY9D8XZ1	PT_YPCR2XRS	7316-554	43.86	10.68	0	NA	NA	NA
BS_N0877CX1	PT_RRG1V7EP	7316-820	71.53	24.4	1.11	NA	NA	NA
BS_N1E0H8YQ	PT_CGPJY881	7316-891	22.8	22.52	0	NA	NA	NA
BS_N210XMKR	PT_C95KPXSW	7316-869	41.82	22.57	0	NA	NA	NA
BS_N4B1SZZH	PT_K94ZVZMX	7316-521	57.32	15.83	1	NA	NA	NA
BS_N5B2CZMH	PT_3SW2VHD5	7316-2984	29.27	13.75	0.01	NA	NA	NA
BS_N5DVEJXT	PT_VBVZ2NAR	7316-2156	34.56	21.19	1.66	NA	NA	NA
BS_N6N147BY	PT_X648RVMK	7316-238	35.93	16.01	0.45	NA	NA	NA
BS_N6NE6B3W	PT_H0HWHRPB	7316-1679	64.08	11.29	0	NA	NA	NA
BS_N8J1DP02	PT_VE0Q731Y	7316-1641	30.16	12.84	0	NA	NA	NA
BS_NB42PWZN	PT_99S5BPE3	7316-365	63.45	20.25	1.88	NA	NA	NA
BS_NB5XWMJT	PT_ZR8MQRVG	7316-346	31.5	14.37	0	NA	NA	NA
BS_NB9XXBW6	PT_WGVEF96B	A08958	17.24	20.98	0	NA	NA	NA
BS_NDC69214	PT_229DRV7B	7316-1757	23.41	14.56	0	NA	NA	NA
BS_NDFDQBCZ	PT_QPY0H50V	7316-2614	20.24	20.23	0.12	NA	NA	NA
BS_NDN62H0S	PT_124TTG01	7316-1960	24.3	10.12	0.01	NA	NA	NA
BS_NDRDM2A9	PT_PZVE3FWF	7316-240	37.4	12.91	0	NA	NA	NA
BS_NEVYM2FP	PT_EN2RN5Y1	A17997	19.36	19.6	0	NA	NA	NA
BS_NFRXNAFE	PT_RXT6KRR6	7316-3147	70.3	16.01	0	NA	NA	NA
BS_NGHK9RZP	PT_2SCVQ2N6	7316-3631	34.62	20.23	1.35	NA	NA	NA
BS_NGSG2KB6	PT_KTRJ8TFY	A09689	16.18	20.43	0.07	NA	NA	NA
BS_NGY0TE6S	PT_W6CW60K9	7316-380	40.59	22.66	0.03	NA	NA	NA
BS_NH7K4CD9	PT_ZD45GXZ0	7316-2109	57.16	13.23	0.06	NA	NA	NA
BS_NJ4WPQVK	PT_EV71W1JW	7316-349	9.99	22.6	0	ATRX--CYLC1	NA	NA
BS_NKEAAFMW	PT_T03AT4BJ	7316-2708	55.27	25.81	8.76	NA	NA	NA
BS_NKRYMHEP	PT_RT1J9P8J	7316-307	75.09	14.6	0.09	NA	NA	NA
BS_NNPEC7W1	PT_59D00MBQ	7316-2810	33.42	17.32	0	NA	NA	NA
BS_NPA6CZQF	PT_RSDTCFDA	7316-204	14.85	24.61	0.6	NA	NA	NA
BS_NPQJ20KX	PT_6MWPJ96F	7316-1711	32.2	15.68	0	NA	NA	NA
BS_NQB91P48	PT_C1M4YF1R	7316-127	38.68	16.02	0	NA	NA	NA
BS_NQFH3GZH	PT_6PYNBA9C	7316-853	50.2	8.66	0.08	NA	NA	NA
BS_NR3P3GN2	PT_DJ106XYS	7316-3935	33.32	13.99	0.26	NA	NA	NA
BS_NR9FRY5T	PT_YDWBWTVN	7316-147	42.85	16.71	0	NA	NA	NA
BS_NRFQEQKP	PT_3RN24N9X	7316-20	48.19	16.97	0	NA	NA	NA
BS_NRPG5K4K	PT_962TCBVR	7316-2744	46.59	15.74	0	NA	NA	NA
BS_NS7GSHB9	PT_RMK36R2E	7316-2275	43	15	0	NA	NA	NA
BS_NT9NZYFD	PT_FC0EF5ZT	7316-3572	33.29	9.56	0	NA	NA	NA
BS_NVKGSMXS	PT_DA4WFQ96	7316-172	48.59	11.38	0.01	NA	NA	NA
BS_NYS8TRCB	PT_76Q72M5T	7316-397	34.6	13.25	0	NA	NA	NA
BS_NZ71XCG3	PT_7FQ6VECA	7316-3846	86	17.2	0.31	NA	NA	NA
BS_P0QF87WC	PT_8GN3TQRM	7316-2737	32.45	20.39	0.11	NA	NA	NA
BS_P0W5VJH4	PT_DH8A0SNQ	7316-408	7.57	3.6	0	NA	NA	NA
BS_P277RYX5	PT_Y7F2JZMQ	7316-2680	62.41	9.85	0	NA	NA	NA
BS_P39SQPTS	PT_01MZ62KG	7316-447	32.45	26.22	0.93	NA	NA	NA
BS_P44PE00R	PT_APPA7SFD	7316-78	45.91	10.31	0	NA	NA	NA
BS_P4D8Y3S8	PT_F1086Z0A	7316-1101	26.9	16.51	0.31	NA	NA	NA
BS_P4NX9MPA	PT_DFQAH7RS	7316-51	44.75	19.67	0.07	NA	NA	NA
BS_P78SMRBS	PT_YXZPWFVB	7316-966	14.44	5.58	0	NA	NA	NA
BS_P7EY9DXG	PT_H8Z52K09	7316-2224	33.89	23.51	0.28	NA	NA	NA
BS_P9JP6JFA	PT_Y5KY6KN9	7316-195	31.02	27	0.01	NA	NA	NA
BS_PEP9NZXN	PT_7TEHW6VQ	7316-2755	50.54	13.52	0.01	NA	NA	NA
BS_PGHK1JRW	PT_TV5DYHNC	7316-1073	43.69	15.24	1.19	NA	NA	NA
BS_PGK832G2	PT_VTM2STE3	7316-2189	26.12	17.22	0	NA	NA	NA
BS_PJPGVD62	PT_ZZRBX5JT	7316-496	17.51	27.77	0	NA	NA	NA
BS_PK18H7E7	PT_2YT37G8P	7316-399	41.63	14.13	0.01	NA	NA	NA
BS_PKK3BZRG	PT_PHKSYE6Q	7316-220	72.88	5.52	0	NA	NA	NA
BS_PKW05VZV	PT_279D9QZ8	7316-325	43.51	10.6	0	NA	NA	NA
BS_PN2CE34A	PT_54MH6Q46	7316-2591	40.44	33.51	0.19	NA	NA	NA
BS_PNYN0AYD	PT_C2D4JXS1	7316-1746	39.09	16.65	0.01	NA	NA	NA
BS_PQ6QEVE8	PT_RGX23JFP	7316-156	31.52	13.94	0	NA	NA	NA
BS_PQ7CQFYR	PT_R0M1QBY4	7316-905	21.56	17.6	0.01	NA	NA	NA
BS_PQVTB6BB	PT_9W4WTVFZ	7316-1312	52.97	22.05	0.11	NA	NA	NA
BS_PRAEF32W	PT_3PK66TJY	7316-2609	47.07	15.07	0	NA	NA	NA
BS_PRR8K9GE	PT_CEWNZVKF	7316-124	53.12	23.25	0.01	NA	NA	NA
BS_PS0P3QJ3	PT_6D9C46GC	7316-620	11.3	22.39	0.01	NA	NA	NA
BS_PSNBFWQV	PT_J50NZYZF	7316-128	59.1	25.01	0.33	NA	NA	NA
BS_PSW27ZTE	PT_67R1AF5R	7316-889	43.92	13.07	0.01	NA	NA	NA
BS_PXCPK5XS	PT_1B1Z7BRQ	7316-287	11.46	39.39	0	NA	NA	NA
BS_PZVHMSYN	PT_0MJEAART	7316-549	19.52	13.18	0.01	NA	NA	NA
BS_Q13FQ8FV	PT_1DSX4VJM	7316-1708	24.39	17.02	0	NA	NA	NA
BS_Q2T9ZRM0	PT_J4MWGQFQ	7316-2071	25.27	9.23	0	NA	NA	NA
BS_Q3TBCK4V	PT_BK92NM09	7316-2669	45.58	16.86	0	NA	NA	NA
BS_Q5WZYWCT	PT_XHYBZKCX	7316-2972	57.57	8.04	0.02	NA	NA	NA
BS_Q79NP5YY	PT_4Z34K4XB	7316-733	41.49	11.24	0	NA	NA	NA
BS_Q9V7A95C	PT_1DRAVX4S	7316-1968	41.59	14.53	0.04	NA	NA	NA
BS_QAG1RDXN	PT_2WVW55DA	7316-1890	43.49	12.36	0.01	NA	NA	NA
BS_QB7YGKN1	PT_9P7P6YAQ	7316-3052	59.7	16.18	0.01	NA	NA	NA
BS_QB84TBA3	PT_JC4DHFJR	7316-2536	49.47	35.79	0.06	NA	NA	NA
BS_QBR4WCQ2	PT_6PFFSB6D	7316-2569	31.21	13.78	0	NA	NA	NA
BS_QC3XCE6X	PT_GB8MNK85	7316-1086	40.58	11.43	0.01	NA	NA	NA
BS_QEYPFYHD	PT_M0AP3Z15	7316-14	44.09	10.28	0.31	NA	NA	NA
BS_QF5VVZX5	PT_CGWPWSXM	7316-2005	47.32	9.6	0.02	NA	NA	NA
BS_QH82PBMB	PT_JQ45JK94	7316-222	39.13	13.19	0	NA	NA	NA
BS_QHS3V0GP	PT_NESAQHB1	7316-3844	73.3	42.38	1.03	NA	NA	NA
BS_QKT3TJVK	PT_8VRZRZ7R	7316-536	25.65	39.97	0.01	NA	NA	NA
BS_QNAQGAV6	PT_XCX9W17B	7316-16	41.32	10.7	0.01	NA	NA	NA
BS_QNNX91SM	PT_CSKHQB16	A14567	23.27	24.59	0.39	NA	NA	NA
BS_QP6MSKRE	PT_MKDQZ17N	7316-3292	25.7	19.75	0.02	NA	NA	NA
BS_QPPPGYP4	PT_CZRDBM1Q	7316-435	39.33	12.22	0.32	NA	NA	NA
BS_QRDT19KS	PT_24DDXEB5	7316-1715	69.95	13.51	0.77	NA	NA	NA
BS_QRNSKFMS	PT_B5VQ16GW	7316-488	47.94	11.06	0	NA	NA	NA
BS_QSTAVWGE	PT_JP1FDKN9	7316-929	23	9.87	0	NA	NA	NA
BS_QT3NZ2YZ	PT_NESAQHB1	7316-3689	55.46	43.58	4.89	NA	NA	NA
BS_QTSXW7DA	PT_ZD9AYB6F	7316-3323	39.75	14.3	0.18	NA	NA	NA
BS_QV51J756	PT_CWD717Q0	7316-101	39.33	12.36	0.02	NA	NA	NA
BS_QW60M0FE	PT_7M2PGCBV	7316-331	31.35	13.46	0	NA	NA	NA
BS_QWNBZ9RJ	PT_00G007DM	7316-272	54.26	13.83	0.21	NA	NA	NA
BS_QWTE1CWR	PT_1H2REHT2	7316-3022	15.21	21.12	0	NA	NA	NA
BS_QX12J6W1	PT_XRQHMBHB	7316-3937	37.06	23.97	0.41	NA	NA	NA
BS_QXKRN6CR	PT_RM5S859Q	7316-111	37.98	10.52	0.09	NA	NA	NA
BS_QYPHA40N	PT_3AWKWXEV	7316-85	60.2	13.36	0	NA	NA	NA
BS_QZFEB94Q	PT_25Z2NX27	7316-355	25.57	9.07	0	NA	NA	NA
BS_R13X6TMW	PT_J0SZ1SX5	7316-2589	24.98	12.82	0.01	NA	NA	NA
BS_R244Z0WX	PT_JPWVCTAJ	7316-1953	37.5	14.38	0	NA	NA	NA
BS_R439VVPK	PT_26V72ZXB	7316-3576	44.93	33.96	1.84	NA	NA	NA
BS_R4Y180DM	PT_NBSRQAMS	7316-1079	54.49	19.98	0.86	NA	NA	NA
BS_R5SNFB5B	PT_C2D4JXS1	7316-1746	43.7	12.25	0.29	NA	NA	NA
BS_R634WKN7	PT_7JQ24F35	7316-1681	44.98	21.81	0	NA	NA	NA
BS_R6WNEEE4	PT_EGGY1XC0	7316-2865	59.9	20.83	0.08	NA	NA	NA
BS_R7HZCZ8B	PT_0CRPE7YP	7316-2158	38.46	13.64	0	NA	NA	NA
BS_R7NTZR4C	PT_0MXPTTM3	A09410	10.92	33.99	0	NA	NA	NA
BS_R9B92M75	PT_1YQH5NSH	A20091	17.65	15.87	0.23	NA	NA	NA
BS_RB2S0KDF	PT_A9YAZJNN	7316-263	47.34	13.06	0.01	NA	NA	NA
BS_RCC8BXVE	PT_WWZ2Q14R	7316-3138	53.47	14.71	0.01	NA	NA	NA
BS_RCCN63K6	PT_RPC00TAJ	7316-231	36.68	26.98	0	NA	NA	NA
BS_RCFQ31XF	PT_3R0P995B	7316-873	51.1	11.99	0	NA	NA	NA
BS_RD4D5F9F	PT_NTEKMKTX	7316-1650	62.55	23.21	0.32	NA	NA	NA
BS_RFMQ7T0T	PT_E3Y5BBSF	7316-3071	39.14	22.13	0.03	NA	NA	NA
BS_RGPSEMHC	PT_3A2Q62RD	7316-2243	37.96	11.24	0	NA	NA	NA
BS_RGSMX7QD	PT_4EDBZRM2	7316-1952	39.14	10.53	0	NA	NA	NA
BS_RHD7XPNP	PT_JN3EN2HR	7316-2267	24.62	13.52	0	NA	NA	NA
BS_RQSKD7PN	PT_2E552BAR	7316-3066	37.12	16.09	0	NA	NA	NA
BS_RR12T74P	PT_DTP4MMRA	7316-1463	35.4	16.91	0	NA	NA	NA
BS_RRAEQZ97	PT_FXPJM0MW	7316-207	50.19	14	0	NA	NA	NA
BS_RSRPX3S8	PT_GR8P8NY5	7316-178	29.62	27.42	0.32	NA	NA	NA
BS_RVSEDNJ4	PT_HGHV85PZ	7316-2300	47.53	17.12	0	NA	NA	NA
BS_RWJZFTP9	PT_S0PBN4M7	7316-1805	45.85	14.7	0	NA	NA	NA
BS_RX1YTZ7F	PT_4XB3YTJM	7316-388	16.3	38.64	0.01	NA	NA	NA
BS_RXN5T5YT	PT_PR4YBBH3	7316-116	25.4	21.65	0.13	NA	NA	NA
BS_S0175QKX	PT_0NY38X3W	7316-1706	30.99	18.87	0.29	NA	NA	NA
BS_S1KK7XRH	PT_YJBPEF4V	7316-938	38.42	17.26	0.1	NA	NA	NA
BS_S1M423AB	PT_BRTVGGRK	7316-2893	87.55	17.06	1.1	NA	NA	NA
BS_S2TA8R29	PT_4A2H0KNR	7316-2599	41.55	15.19	0.08	NA	NA	NA
BS_S458NMKH	PT_S2SQJVGK	7316-442	52.12	12.19	0	NA	NA	NA
BS_S4V9E1XJ	PT_Y572BRC1	7316-2193	43.77	15.24	0	NA	NA	NA
BS_S50KQEXV	PT_MPRBGGEJ	7316-2172	40.48	11.86	0	NA	NA	NA
BS_S5P8VTN5	PT_858H7ABM	7316-903	42.04	21.59	0	NA	NA	NA
BS_S69QZAJR	PT_5JA1N2H4	7316-839	48.18	26.67	0.56	NA	NA	NA
BS_S6NJRR5W	PT_VTF65Y63	7316-3513	25.02	11.71	0	NA	NA	NA
BS_S6Q7NKA3	PT_9S6WMQ92	7316-333	38.56	26.49	0.76	NA	NA	NA
BS_S6S7SK3P	PT_37B5JRP1	7316-2554	54.39	13.19	0	NA	NA	NA
BS_S71RJ8DH	PT_E6FTW238	7316-3890	58.91	17.67	1.59	NA	NA	NA
BS_S7CZY2CH	PT_BXXZE0CQ	7316-381	38.3	20.52	0	NA	NA	NA
BS_S9929Z8B	PT_AWMZ12NP	7316-2216	31.25	15.13	0	NA	NA	NA
BS_SAA624A4	PT_EG7PH32E	7316-2144	3.69	1.1	0.01	NA	NA	NA
BS_SB12W1XT	PT_3AWKWXEV	7316-85	41.86	25.11	0	NA	NA	NA
BS_SBFNFZ8B	PT_1EB5KHZX	7316-1076	48.35	9.41	0.01	NA	NA	NA
BS_SD8YBRBR	PT_TPDB1WC8	7316-2777	57.02	56.44	13.67	NA	NA	NA
BS_SDA4RMMG	PT_EW604JB3	7316-1134	38.6	15.81	0	NA	NA	NA
BS_SDCNP7MW	PT_3KWSRWZN	7316-2648	35.36	7.83	0	NA	NA	NA
BS_SDZY6RZ3	PT_5GQ76YZJ	7316-168	37.55	13.15	0.06	NA	NA	NA
BS_SES41DAX	PT_GKSABESN	7316-3485	37.29	11.8	0.01	NA	NA	NA
BS_SFKZSJN1	PT_409Y4N1N	7316-84	48.12	12.33	0	NA	NA	NA
BS_SFRQXM76	PT_DPVW4M1W	7316-2271	13.9	16.54	0.96	NA	NA	NA
BS_SHJA4MR0	PT_Z4BF2NSB	7316-161	64.12	31.68	0.05	NA	NA	NA
BS_SHMC4902	PT_TPSMT960	7316-400	39.36	18.18	0	NA	NA	NA
BS_SKGJ5SY9	PT_D1WJ3BJX	7316-358	67.31	15.59	0.23	NA	NA	NA
BS_SM8VQFPD	PT_5KP2E0DS	7316-3936	54.02	17.78	0.14	NA	NA	NA
BS_SNVM7CZT	PT_H2HT2WQX	7316-619	15.84	31.02	0	NA	NA	NA
BS_SQX5E15Z	PT_1N6ATKJS	7316-2725	47.14	17.81	0	NA	NA	NA
BS_SXCZ3CXN	PT_CMB6TASJ	7316-505	32.31	13.24	0	NA	NA	NA
BS_SXRS2P6T	PT_7YGZ526E	7316-1978	43.9	17.07	0	NA	NA	NA
BS_T0RKFEKR	PT_AYVKQZRB	7316-612	31.32	14.16	0	NA	NA	NA
BS_T1DVKKJB	PT_JP1FDKN9	7316-2959	34.75	17.1	0.6	NA	NA	NA
BS_T1QMEH1N	PT_EXJAEW1M	7316-188	19.96	13.83	0	NA	NA	NA
BS_T1W4JA94	PT_QT9T89S5	7316-297	45.01	12.27	0	NA	NA	NA
BS_T1YHK6B7	PT_DNH1VP67	7316-1062	31.64	22.89	0.36	NA	NA	NA
BS_T2QPMZCM	PT_6VJ5PNKS	7316-2174	51.28	14.36	0	NA	NA	NA
BS_T3DGY9J9	PT_JSFBMK5V	7316-392	14.83	20.72	0	NA	NA	NA
BS_T3H5AY8A	PT_KMHGNCNR	7316-350	15.29	15.6	0.11	NA	NA	NA
BS_T4JFN54G	PT_8XZY6MM1	7316-957	34.42	11.5	0	NA	NA	NA
BS_T4P3J13C	PT_N9KYV4WB	7316-749	47.72	12.28	0.01	NA	NA	NA
BS_T55Y4Z0Y	PT_VBNP6JFB	7316-1095	27.97	16.98	0.01	NA	NA	NA
BS_TA9WP4TH	PT_B7QRTN72	7316-1802	46.75	16.32	0.56	NA	NA	NA
BS_TAHV8N04	PT_KCTZZA3G	7316-216	39.34	14.61	0	NA	NA	NA
BS_TBWYAFSM	PT_625X34JX	7316-2170	29.56	12.12	0	NA	NA	NA
BS_TCGEZJ5F	PT_W17NV5YG	7316-2106	43.06	15.99	0	NA	NA	NA
BS_TD1ZEQ7R	PT_MRTHX2AQ	7316-23	23.43	17.76	0.62	NA	NA	NA
BS_TDEFAPNH	PT_GYJ97915	7316-1093	35.83	10.46	0.07	NA	NA	NA
BS_TE0GVDNG	PT_2FK75B27	7316-1700	79.44	14.41	0.23	NA	NA	NA
BS_TG93XC55	PT_DDFAZ345	7316-321	46.95	10.72	0.04	NA	NA	NA
BS_TGS109T3	PT_18QG3Z4H	7316-1052	68.67	20.42	0	NA	NA	NA
BS_TGW6HC4X	PT_X0FPPTMT	7316-280	73.04	11.74	0	NA	NA	NA
BS_THSPSG2Z	PT_M0FVZ88D	7316-1986	38.15	10.18	0	NA	NA	NA
BS_TJTEF70D	PT_MDWPRDBT	7316-895	39.34	8.75	0.01	NA	NA	NA
BS_TK84K675	PT_MDWPRDBT	7316-2751	33.9	9.4	0.03	NA	NA	NA
BS_TM9MH0RP	PT_59D00MBQ	7316-1937	29.4	13.47	0	NA	NA	NA
BS_TMTV769C	PT_8FWP7BR3	7316-449	53.08	12.68	0	NA	NA	NA
BS_TNRHHYNC	PT_S8E3281G	7316-2138	7.53	6.8	0	NA	NA	NA
BS_TQ5QHR17	PT_M7NFAC5G	7316-2329	29.61	8.62	0	NA	NA	NA
BS_TRKH2SPE	PT_RA6AGBA7	7316-461	30.19	19.13	0.19	NA	NA	NA
BS_TV5B86ZD	PT_9BZETM0M	7316-158	2.2	22.51	0	NA	NA	NA
BS_TW8DQH8J	PT_9S6WMQ92	7316-278	49.25	14.39	0.13	NA	NA	NA
BS_TXY8QYWA	PT_H876VB6R	7316-1806	31.41	15.35	0.14	NA	NA	NA
BS_TXZ7KHTQ	PT_VWZZTK38	7316-1844	15.52	9.89	0	NA	NA	NA
BS_TYAYZ9ZW	PT_NV584F7Q	7316-3192	60.87	19.78	0.35	NA	NA	NA
BS_TYKJ8G2G	PT_EYWDFKA7	7316-30	48.25	15.92	0	NA	NA	NA
BS_TZ5D0A7R	PT_8SDJXNFR	7316-3755	44.57	13.09	0.46	NA	NA	NA
BS_TZVFR600	PT_RFB07MZS	7316-2107	79.98	16.96	1.64	NA	NA	NA
BS_V0Q1G94N	PT_Y572BRC1	7316-485	46.59	9.87	0	NA	NA	NA
BS_V3REENH9	PT_P9RT6693	7316-2566	38.61	12.46	0	NA	NA	NA
BS_V3Z3DB4N	PT_PF9EC93Q	7316-3765	34.9	16.46	0.01	NA	NA	NA
BS_V4W81SFC	PT_W17NV5YG	7316-2079	28.65	13.05	0	NA	NA	NA
BS_V72GX2AZ	PT_V07ZH5JS	7316-472	47.14	11.09	0	NA	NA	NA
BS_V72H4RQS	PT_KN25EYMG	7316-2309	62.09	14.86	3.97	NA	NA	NA
BS_V7BJM89K	PT_94EHCMXA	7316-217	36.82	11.95	0.08	NA	NA	NA
BS_V89HGTET	PT_N9CGVG02	7316-2197	43.22	13.21	0	NA	NA	NA
BS_V96WVE3Z	PT_H3WWDMW9	7316-2118	47.77	26.86	0.81	NA	NA	NA
BS_V9HVBBDW	PT_CTSQ5FHH	7316-438	67.97	18.69	1.93	NA	NA	NA
BS_VA5T4KAA	PT_2ZTXV44P	7316-310	82.37	15.29	0.49	NA	NA	NA
BS_VAAHBH60	PT_GH27VJBD	7316-2266	67.47	22.54	5.96	NA	NA	NA
BS_VARR255N	PT_W3FSA7NH	7316-3522	29.62	17.29	0	NA	NA	NA
BS_VF5XWFXD	PT_JNEV57VK	7316-2594	45.06	22.98	0.01	NA	NA	NA
BS_VJ2S5DVS	PT_MT27S7S4	7316-1969	61.45	16.82	0.15	NA	NA	NA
BS_VJAC9H58	PT_SABHZ7XX	7316-3029	49.41	13.07	0	NA	NA	NA
BS_VJVDJABP	PT_XX2VW3D9	7316-96	49.33	15.91	0.07	NA	NA	NA
BS_VMEX27TN	PT_5AF1501D	7316-309	82.84	17.73	0	NA	NA	NA
BS_VMMJYN8Z	PT_WY8REZ3P	7316-1783	41.02	10.06	0	NA	NA	NA
BS_VMQMGSJY	PT_63F63QY0	7316-3521	29.73	22.69	0.25	NA	NA	NA
BS_VNE0ZPBS	PT_F9F3E8YR	7316-3519	30.78	11.98	0.07	NA	NA	NA
BS_VNK9XYV9	PT_WYR1DVHX	7316-1950	36.2	18.44	0.01	NA	NA	NA
BS_VNWKNRY4	PT_EB0D3BXG	7316-3311	100.6	27.63	2.21	NA	NA	NA
BS_VP3C8WZT	PT_962TCBVR	7316-391	40.59	15.34	0	NA	NA	NA
BS_VP5Y45Z7	PT_YMN5GV47	7316-658	50.54	13.29	0	NA	NA	NA
BS_VPBMDMQX	PT_STRDJQ01	7316-1038	56.82	24.36	0.16	NA	NA	NA
BS_VPMKHW9X	PT_WPYCXMDA	7316-3891	33.5	9.79	0	NA	NA	NA
BS_VPNXJE2S	PT_V5ASTHRH	7316-3892	35.12	28.86	2.48	NA	NA	NA
BS_VR7FR1NE	PT_6MWPJ96F	7316-1928	38.91	15.44	0	NA	NA	NA
BS_VT6C6N6K	PT_1NZGDP3P	7316-1104	43.06	21.14	0.12	NA	NA	NA
BS_VTJ9ESSV	PT_MA0J8DSN	7316-39	56.96	12.2	0	NA	NA	NA
BS_VVFBW0YH	PT_7QKGGMKV	7316-347	74.78	22.73	1.63	NA	NA	NA
BS_VVTHDRBD	PT_Y76A7PBA	7316-2288	42.09	20.41	0.41	NA	NA	NA
BS_VW85Q4XJ	PT_2YT37G8P	7316-2962	39.79	13.29	0.01	NA	NA	NA
BS_VXEFKW5P	PT_S4YNE17X	7316-234	48.75	17.95	0	NA	NA	NA
BS_VXHWZJDC	PT_5X061J42	7316-2149	42.55	17.12	6.14	NA	NA	NA
BS_W1385R8Y	PT_Y585X1BS	7316-622	13.98	52.06	0.06	NA	NA	NA
BS_W18SF91A	PT_HBT0C66Y	7316-3149	37.56	13.95	0	NA	NA	NA
BS_W311713R	PT_JEA0AEMZ	7316-2169	89.36	21.71	5.36	NA	NA	NA
BS_W36RZSFA	PT_7TRGHZBK	7316-431	41.22	13.74	0.05	NA	NA	NA
BS_W3R88RFP	PT_2ECVKTTQ	7316-173	44.5	14.75	0	NA	NA	NA
BS_W41S7B55	PT_NGDW8WVP	7316-1704	38.72	14.41	0.12	NA	NA	NA
BS_W4DB5RP1	PT_XKVFVBY4	7316-550	42.04	17.08	1.77	NA	NA	NA
BS_W4H1D4Y6	PT_X7HC5YCY	7316-255	20.75	35.6	0.62	NA	NA	NA
BS_W4HGV6E7	PT_2C63FJAM	7316-3040	32.71	11.64	0	NA	NA	NA
BS_W60RQAKK	PT_CSZ9QA1N	7316-371	52.27	17.34	0	NA	NA	NA
BS_W644VEVE	PT_XA98HG1C	7316-3023	52.37	29.74	5.57	NA	NA	NA
BS_W6AC5J3C	PT_16EJ7BZ9	7316-1938	31.25	12.45	0	NA	NA	NA
BS_W72364MN	PT_PKCTFSV2	7316-242	39.15	11.93	0	NA	NA	NA
BS_W7FP2G3F	PT_GERCQ0JG	7316-3520	26.71	15.43	0	NA	NA	NA
BS_W7MFJZ5A	PT_C5FKRB1P	A14565	16.65	27.6	0	NA	NA	NA
BS_W80TJC27	PT_R6WWH1QX	7316-423	33.38	15	0.19	NA	NA	NA
BS_W97QQYKQ	PT_GKWWWJ0X	7316-1071	42.55	17.31	0.05	NA	NA	NA
BS_W9AT0MR7	PT_8RB3EKNP	7316-4028	73.45	15.32	1.32	NA	NA	NA
BS_W9N9844Q	PT_3CHB9PK5	7316-515	21.28	27.03	0.04	NA	NA	NA
BS_WAXJY4XQ	PT_8GN3TQRM	7316-2069	45.87	16.24	0.28	NA	NA	NA
BS_WCRKYV0T	PT_GVDMG7KC	7316-152	43.31	9.67	0.06	NA	NA	NA
BS_WE3Q8A73	PT_GY99ZJHV	7316-1654	27.34	8.73	0	NA	NA	NA
BS_WFD0GE5X	PT_WKNKNYHH	7316-1107	40.38	11	0	NA	NA	NA
BS_WG203ECV	PT_962TCBVR	7316-896	37.02	15.41	0	NA	NA	NA
BS_WGK8ZMVA	PT_DNAJYFZT	7316-4035	53.9	15.45	0.08	NA	NA	NA
BS_WH5HDE0A	PT_H3WWDMW9	7316-737	71.03	23.66	0.02	NA	NA	NA
BS_WH8G4VFB	PT_R4T1V1K4	7316-3206	29.56	17.63	0.03	NA	NA	NA
BS_WJ9H4NZZ	PT_8GN3TQRM	7316-2091	46.78	21.9	0.12	NA	NA	NA
BS_WJGFDRWK	PT_PJFTMJ6H	7316-2150	53.31	23.1	0.07	NA	NA	NA
BS_WKESC3XN	PT_1H2REHT2	7316-3303	43.88	20.57	0.05	NA	NA	NA
BS_WMEHNDSK	PT_B54PH840	7316-2707	43.42	49.25	1.4	NA	NA	NA
BS_WRHDP7WF	PT_FHDZNN40	7316-405	39.73	13.77	0.01	NA	NA	NA
BS_WRQHPSXQ	PT_4159VCJY	7316-389	39.66	19.45	0.01	NA	NA	NA
BS_WSQMAA33	PT_92YX7KK9	7316-1785	27.84	25.23	0.59	NA	NA	NA
BS_WV0S8N4M	PT_32J909WM	7316-2688	46.87	16.98	0.1	NA	NA	NA
BS_WVS02TZK	PT_NNZQ09SH	7316-1109	50.09	18.27	0	NA	NA	NA
BS_WVW3W6ZB	PT_M1RYN7B0	7316-1781	45.23	30.52	0.19	NA	NA	NA
BS_WWKNJSJ5	PT_RJ1TJ2KH	7316-3680	25.19	14.62	1.66	NA	NA	NA
BS_WYERXS4G	PT_46F28BFH	7316-1799	31.59	9.25	0	NA	NA	NA
BS_WYG77VVP	PT_DH8A0SNQ	7316-3057	30.97	14.48	0.13	NA	NA	NA
BS_X0F9AYEC	PT_Y8HSH496	7316-196	42.81	14.35	0	NA	NA	NA
BS_X0XXN9BK	PT_Z4BF2NSB	7316-161	10.61	48.37	0.02	NA	NA	NA
BS_X16PENSA	PT_50ZFWMZE	7316-1942	40.98	15.13	0.01	NA	NA	NA
BS_X23724NJ	PT_Y8RNS9JE	7316-1656	23.68	23.9	0.04	NA	NA	NA
BS_X2QTK3QD	PT_T2M1338J	7316-2588	29.21	11.79	0	NA	NA	NA
BS_X4DD4KSZ	PT_A06JR0E5	A17096	21.97	23.54	0.19	NA	NA	NA
BS_X4X1SFSE	PT_VVCN8DXT	7316-71	36.58	10.07	0.74	NA	NA	NA
BS_X59HSFGG	PT_CB1XPA3W	7316-1767	37.5	19.62	0.01	NA	NA	NA
BS_X67GTEM6	PT_F9G665B1	7316-1886	38.06	12	0.06	NA	NA	NA
BS_X91K8KMG	PT_1TGKS073	7316-1659	46.29	15.81	0	NA	NA	NA
BS_X9EGD530	PT_YGN06RPZ	7316-2204	32.39	12.23	0	NA	NA	NA
BS_XBQZYS8G	PT_W7FK539G	7316-76	44.09	35.13	2.05	NA	NA	NA
BS_XF0ZX2B3	PT_GAM3E6M3	7316-872	26.61	14.97	0.02	NA	NA	NA
BS_XG0DBWVT	PT_Y660CKCB	7316-3122	26.34	17.63	0	NA	NA	NA
BS_XGDPK33A	PT_G16VK7FR	A19649	18.67	26.21	0.33	NA	NA	NA
BS_XGSA3GQE	PT_HV6C0T34	7316-3062	45.82	15.3	0	NA	NA	NA
BS_XHCYEE2S	PT_NEB4WEAT	7316-3020	35.53	18.71	0	NA	NA	NA
BS_XJTW0P8P	PT_6DB7B9WV	7316-3317	64.83	11.24	0	NA	NA	NA
BS_XKKB4MZV	PT_RV0RDER2	7316-262	52.62	17.5	0	NA	NA	NA
BS_XM1AHBDJ	PT_7P6J57H3	A12911	0.86	8.8	0	NA	NA	NA
BS_XQ5SFW35	PT_N32BYY8A	7316-89	37.34	19.12	0	NA	NA	NA
BS_XQYHPBFS	PT_AZQ230WT	7316-443	38.86	12.37	0	NA	NA	NA
BS_XZM79E42	PT_2JDDX6TJ	7316-409	2.55	18.41	0.01	NA	NA	NA
BS_XZTV0J8W	PT_HJMP6PH2	7316-185	58.74	14.81	0.27	NA	NA	NA
BS_Y08D5P8N	PT_H024RK87	7316-104	21.76	10.57	0	NA	NA	NA
BS_Y0PCBNJV	PT_S2CXXZCF	7316-643	50.61	13.73	0	NA	NA	NA
BS_Y3G1X98S	PT_7M2PGCBV	7316-3312	34.65	13.67	0	NA	NA	NA
BS_Y7F9E2E9	PT_ZZTQQVCT	7316-2723	36.46	9.98	0	NA	NA	NA
BS_Y8D1F5WW	PT_ABMAQYY2	7316-842	62.09	23.35	0.01	NA	NA	NA
BS_YA8RBGD8	PT_F27SA15G	7316-1661	52.21	17.34	0.01	NA	NA	NA
BS_YB07VF1X	PT_HFQNKP5X	7316-2935	25.48	13.88	1.23	NA	NA	NA
BS_YB2RXRHT	PT_H45M7M2T	7316-3074	49.92	13.55	0.01	NA	NA	NA
BS_YBJBSRHV	PT_9CSZBV2P	7316-1473	26.97	42.66	0.13	NA	NA	NA
BS_YCREDZTJ	PT_N3HVMV06	7316-2075	27.14	18.29	0	NA	NA	NA
BS_YDEVMD24	PT_NK8A49X5	A08692	7.44	18.57	0	NA	NA	NA
BS_YE1MAQYJ	PT_ZZRBX5JT	7316-3319	29.74	14.11	0.06	NA	NA	NA
BS_YEB88D32	PT_N56EYD4Z	7316-3857	89.27	15.85	1.23	NA	NA	NA
BS_YEQVW4ND	PT_NA8NZ0BN	7316-2135	43.51	12.13	0.01	NA	NA	NA
BS_YETBN0RQ	PT_17NG0KW3	7316-1945	62.68	10.35	0.03	NA	NA	NA
BS_YEW22W35	PT_9N0SR1D7	7316-249	16.17	24.42	0.02	NA	NA	NA
BS_YG0A13JH	PT_2FVTD0WR	7316-2897	19.44	39.41	0	NA	NA	NA
BS_YH05F9DB	PT_YVG4H0F1	7316-3070	27.93	19.06	0.01	NA	NA	NA
BS_YK6VQ9SJ	PT_57YP9ABV	7316-1070	62.91	24.46	0.01	NA	NA	NA
BS_YMAJC22S	PT_ZMKMKCFQ	7316-2753	51.54	11.88	0.01	NA	NA	NA
BS_YNEQJ6AH	PT_NS1F6DT8	7316-3048	61.81	14.5	0	NA	NA	NA
BS_YVMEEBKC	PT_DMHFS0HX	7316-3055	45.29	15.94	0	NA	NA	NA
BS_YY5B2XDD	PT_1KEER2Q1	7316-460	32.98	14.61	0	NA	NA	NA
BS_YZ2Z1Q6Y	PT_TH18S0JQ	7316-3068	52.02	25.93	0	NA	NA	NA
BS_Z0AVVB1V	PT_SJEG0MKD	7316-146	28.46	13.22	0.01	NA	NA	NA
BS_Z1A875MW	PT_D9NTSYSC	7316-3064	48.02	15.95	0	NA	NA	NA
BS_Z28VKGNS	PT_GSSQYQKV	7316-3028	23.47	12.25	0.01	NA	NA	NA
BS_Z2NWPQKF	PT_YY7CRV21	7316-215	38.4	10.52	0	NA	NA	NA
BS_Z3RCA1T9	PT_C9YDTZPA	A15726	22.68	22.36	0.45	NA	NA	NA
BS_Z45HD492	PT_T3REPTTC	7316-3488	51.79	20.56	0.86	NA	NA	NA
BS_Z6BWR941	PT_YJGTKDV0	7316-1683	45.75	12.63	0	NA	NA	NA
BS_Z6MC4N8D	PT_3PSG2DQT	7316-1111	34.03	17.57	0.01	NA	NA	NA
BS_Z72QAZC7	PT_HJA1ZYS1	7316-2939	26.64	20.74	0.03	NA	NA	NA
BS_Z7890YNR	PT_99S5BPE3	7316-451	58.36	17.03	4.21	NA	NA	NA
BS_Z7G68ZS2	PT_5SNX4PMK	7316-171	28.56	10.11	0.24	NA	NA	NA
BS_Z7PKVY9J	PT_M0AP3Z15	7316-14	49.28	10.87	0.05	NA	NA	NA
BS_Z7Y2466H	PT_9B6KWJT2	7316-1226	48.32	17.46	0	NA	NA	NA
BS_Z85M2R3N	PT_QJ3144WH	7316-3204	21.34	9.08	0	NA	NA	NA
BS_Z8F3GM85	PT_FZP24XYK	7316-1060	25.8	21.23	0	NA	NA	NA
BS_Z8YZ6QGS	PT_S0Q27J13	7316-2307	18.85	16.9	0	NA	NA	NA
BS_Z9ZS6ZS2	PT_QQ9JGEY9	7316-356	29.26	11.19	0	NA	NA	NA
BS_ZA9XT151	PT_WP871F5S	7316-1766	16.3	9.02	0.02	NA	NA	NA
BS_ZD5HN296	PT_89XRZBSG	7316-445	17.41	18.54	0	NA	NA	NA
BS_ZF34SJGN	PT_7KTAH3RD	7316-2671	36.95	14.27	0	NA	NA	NA
BS_ZF6BSFNF	PT_NWYSD53S	A15170	13.7	17.39	0	NA	NA	NA
BS_ZH1FBX50	PT_7JQ24F35	7316-1674	40.55	8.78	0.03	NA	NA	NA
BS_ZHHAM3AN	PT_J06X17XH	7316-3628	39.05	14.54	0.08	NA	NA	NA
BS_ZJZXDPTP	PT_VREE80NP	7316-3776	62.27	14.99	0	NA	NA	NA
BS_ZN8136D9	PT_AYZA2WCW	7316-197	42.54	7.78	0	NA	NA	NA
BS_ZQ76ZBEX	PT_VJBVXB08	7316-155	6.27	24.84	0	NA	NA	NA
BS_ZQKGJD70	PT_VBG3Z18B	7316-512	22.03	27.9	0.42	NA	NA	NA
BS_ZR96A4FH	PT_E546ZRXA	7316-952	31.04	7.4	0.01	NA	NA	NA
BS_ZRM0W01M	PT_EYZ25B99	7316-470	56.3	10.84	0	NA	NA	NA
BS_ZTWGFWTX	PT_TEBD1SES	7316-3054	34.59	14.7	0	NA	NA	NA
BS_ZV1P6W9C	PT_ZVYRFGEN	7316-1068	31.11	17.42	0	NA	NA	NA
BS_ZV68CES9	PT_F0N89D15	7316-3756	39.35	13.3	0.05	NA	NA	NA
BS_ZV9Z3SY6	PT_S3FJSBJT	7316-1794	40.18	14.03	0	NA	NA	NA
BS_ZVWE73JZ	PT_59D00MBQ	7316-1936	40.05	17.7	0	NA	NA	NA
BS_ZVX2GRD6	PT_RKECV80K	7316-9	53.79	19.72	0	NA	NA	NA
BS_ZVZDDW2G	PT_E3ADF4ZB	7316-2664	31.97	14.63	0	NA	NA	NA
BS_ZWR9W4FX	PT_4RJ2EATN	7316-1653	33.12	14.42	0	NA	NA	NA
BS_ZXYDSBM9	PT_R63RHJWX	7316-739	43.26	15.32	1.02	NA	NA	NA
BS_ZZMYDZJW	PT_5M8A47WW	7316-436	46.14	14.42	0	NA	NA	NA
BS_ZZPBANDD	PT_9YNQJZ5G	7316-1941	61.87	10.99	0.01	NA	NA	NA
BS_ZZWMD6FA	PT_RGX23JFP	7316-2901	50.96	14.32	0	NA	NA	NA
