rowname	ATRX_fpkm	TERT_fpkm	DAXX_fpkm
BS_014EVM2D	37.92	0	13.95
BS_02NZT8CE	49.23	0	12.69
BS_03FT4S8B	46.98	0.03	22.32
BS_0448A413	63.08	0.68	17.99
BS_044XZ8ST	39.31	0	12.85
BS_052PZFMK	19.99	0.01	22.74
BS_063ERW0R	55.29	0.04	13.73
BS_06AMMCXR	34.87	0	17.71
BS_06XH7EVF	23.37	0	11.08
BS_07ANYSYQ	41.91	0.3	16.23
BS_09R7GDA7	33.16	0.01	16.1
BS_0C7VZC0A	74.92	0	21.48
BS_0BXY0F9N	24.62	0	10.92
BS_0RQ4P069	22.14	0	13.88
BS_0GDJQANN	32.13	0.05	9.62
BS_0HW7W7SD	61.19	0.62	13.37
BS_0J9SHHSC	49.19	0	14.77
BS_0QYS36NR	19.72	0.01	14.5
BS_0RF0EZTV	35.34	0	14.7
BS_0SCXXM6N	50.73	0	14.52
BS_0SPCTBZY	25.73	0.08	20.8
BS_0T17SY47	35.11	0.08	13.6
BS_0VRSD9V3	50.72	0.01	8.24
BS_0WQJP6ZG	30.97	0.76	12.51
BS_0WVJYM9R	32.36	0	11.05
BS_0X9EGHY2	46.63	0	12.78
BS_0XEG6SNV	54.96	0.07	22.34
BS_0Y66ZBWE	54.26	0	16.23
BS_1A6MQ9ZA	38.61	0	21.86
BS_1021ZGQT	60.78	0.1	15.49
BS_10APZRVT	36.29	0	11.66
BS_264RCK7G	56.61	0	14.89
BS_11WY983P	34.49	0.47	18.53
BS_13CGKADW	54.06	0	9.36
BS_15ETQ0E4	32.63	2.05	20.13
BS_1607397Q	53.96	60.95	52.08
BS_17WYVEEC	42.99	0	12.28
BS_196BBNEJ	29.41	0.02	17.75
BS_1D6PZNKN	46.56	0.49	19.58
BS_1EBQ3T20	50.02	0.36	18.92
BS_1EN5V3XW	57.77	0	20.9
BS_1G3WYEN3	46.02	0.02	12.32
BS_1HFK0SXV	43.78	0.03	18.86
BS_1HQ76V6D	51.13	0	14.96
BS_1J2WQ08M	29.36	0.55	17.66
BS_1JDG6JV5	34.91	0.01	19.29
BS_1KYGSMA7	48.43	0.02	15.86
BS_1N9XZXGE	28.83	0.96	26.36
BS_273HKCT4	46.16	0	12.67
BS_1QNTEZPS	50.6	0.26	17.52
BS_3T6X4BPC	44.26	0.06	18.33
BS_1RT76ANT	44.21	4.11	58
BS_1RXZ3BP7	36.48	0	12.91
BS_1SVVER1H	32.64	0	12.24
BS_1T19NFJ8	41.07	0.01	10.59
BS_1TPWFSK6	45.62	0	11.06
BS_1XJ73KBQ	42.93	0	16.78
BS_1ZVXF5FE	46.23	0	12.49
BS_21RE8W46	40.55	0.05	18.92
BS_23QW0BBA	49.42	0	22.3
BS_23M72ABG	27.24	0	13.09
BS_29X4ZX6Q	21.1	0.08	25.95
BS_24AHZ9ZW	35.77	0	16.28
BS_258RRGDM	47.36	0.06	12.67
BS_25T139TX	51.6	0	16.98
BS_6MY8W3H0	34.91	0.11	9.03
BS_2A162JH9	24.06	0.01	25.04
BS_1NPD7PVG	35.57	0	17.04
BS_28CDASF7	44.32	0	17.68
BS_29006KEX	25.76	0	13
BS_29CPJ040	39.81	0	14.19
BS_2A5R9MEJ	55.96	0.14	17.66
BS_2EN3X6HB	38.01	0	13.99
BS_2ADZNNV4	39.68	0	11.2
BS_2EMW8ZG3	33.26	0	11.73
BS_2HN96129	46.52	0	16.63
BS_30VC3R2Q	50.74	0	17.14
BS_2KJ2YAZR	40.9	0	16.02
BS_2R9TCR03	32.84	0	14.81
BS_23W9EPFE	14.9	0	22.32
BS_2W3NC4K1	24.42	0	15.81
BS_2WPQ8YCW	48.71	0.01	19.56
BS_7WNSZNE3	50.51	0.14	20.27
BS_2YCJV2VV	45.39	0	18.16
BS_399RPKC9	41.93	0.3	13.84
BS_31TF0P1N	18.21	0.09	12.12
BS_34201DKZ	28.97	0	10.52
BS_37GTVG4N	41.54	0.3	22.52
BS_398KYV92	29.33	0.08	8.91
BS_3MS8WVNR	23.46	0.02	22.49
BS_3BVVWHP5	30.32	0	14.67
BS_3DCBDJAT	26.02	0.06	13.59
BS_3EVSN5QD	57.09	0	14.61
BS_3F4FQJMR	32.51	0.01	10.34
BS_3G3KWY18	33.84	0	14.06
BS_27QE6BV7	32.79	0.01	9.23
BS_3J85TTZM	28.39	0.01	12.88
BS_3KASVCSQ	59.72	0.02	14.72
BS_3KHXMAJF	18.55	0	13.6
BS_3NNQ6PSB	53.43	0.16	12.41
BS_40MP5BWR	50.46	0	18.38
BS_3P20Q2C3	64.86	0	14.21
BS_45J79YTF	49.55	0.21	12.38
BS_2AR3AP0N	30.22	0.01	11.35
BS_3Q0GTSYH	55.22	0	13.1
BS_3TQSE8HF	45.43	0	15.84
BS_49BQS7Z6	33.96	0	13.65
BS_3W07B2TG	33.67	0	15.73
BS_3X9WMZGJ	33.35	0.01	12.7
BS_3H71BH6Q	33.03	0.01	15.22
BS_3Y0QXZQB	28.27	0	13.82
BS_3PYESPHA	47.04	0	10.07
BS_401R3KV0	35.14	0	14.41
BS_49FQXT2E	48.75	0.01	16.84
BS_4B0BAVTX	42.07	0.02	15.88
BS_42DY6WS7	49.42	0	16.19
BS_42Y3YANN	41.04	0.01	15.46
BS_46BZ2NNN	20.99	0.36	17.2
BS_470DYRJQ	34.39	0.01	10.86
BS_3XY76V8T	41.58	0	14.88
BS_479S95Q6	33.79	0	9.91
BS_47SJZ3PH	54.74	0	16.66
BS_49852ZBH	34.3	0	13.12
BS_49F4RAA4	26.88	0.05	10.41
BS_4QW2S1Q8	34.16	0.01	31.14
BS_49VCQD19	36.61	0	9.35
BS_4A45GGSW	46.16	0	12.13
BS_51RA1PGE	31.87	0.01	14.97
BS_4BWB0FA0	30.58	0	14.39
BS_4C4MZ4NT	32.17	0	22.9
BS_52C576HH	19.66	0	29.14
BS_4E1G7E3G	104.51	2.61	27.17
BS_4EN8D8Y4	39.21	0	17.41
BS_4FZS7TX4	37.05	0	13.42
BS_478TN841	34.43	0	13.52
BS_4HQ3T2NC	38.21	0	13.83
BS_4JWBB28H	29.05	1.22	16.67
BS_4NF35AF6	49.08	0.01	16.2
BS_4NWHYH53	51.75	0.01	13.3
BS_52MPKTJH	60.37	0	14.78
BS_4SCWT0FX	40.8	0.15	18.81
BS_4T0HPZDC	23.31	0.02	22.35
BS_AJ6X83G5	47.21	0.01	8.69
BS_4Y6BCYK5	28.19	0	15.39
BS_4Z2F4P9N	40.77	0.01	14.68
BS_52426AMF	47.55	0	11.24
BS_5965SFPZ	53.41	0.01	15.16
BS_52DAPP1Y	49.04	0	14.04
BS_59ZJWJTF	19.86	0	18.15
BS_53CTGDQG	31.57	0	7.55
BS_53GQKVEX	40.21	0	18.12
BS_53M8PP88	48.09	0.1	20.44
BS_4GTESTSE	35.03	0.1	17.47
BS_55P8HPYD	48.34	0	16.89
BS_5CTVXVRX	28.88	0.19	14.75
BS_5GNQC2FF	24.53	0.01	11.33
BS_5P1TN10Z	3.67	0	22.51
BS_5AF6ZNJF	43.85	0.02	10.58
BS_5CMGN56B	51.45	0	17.04
BS_55JW3HFM	38.28	0	15.13
BS_593HEWBF	37.25	0	15.86
BS_5JM573JC	18.62	0.21	9.36
BS_5NWDARXG	46.12	0.01	12.65
BS_6DCSD5Y6	67.1	0.06	19.62
BS_5P3CZQV8	24.39	0	11.62
BS_5PEFNDCY	49.33	0	12.86
BS_5PV5N4HQ	48.84	0	16.16
BS_5K3R0F5D	45.29	0.01	11.36
BS_5YJEPPTP	34.13	0	14.91
BS_64HCD9K3	36.88	0.12	6.79
BS_66ABA973	55.4	0	12.1
BS_66HQ3E4Z	39.35	0	16.22
BS_67PX06P3	17.95	0	11.02
BS_67Z63A2K	33.51	0	12.47
BS_68BW2163	36.89	0	14.52
BS_6VPKXXMR	14.95	0.02	25.94
BS_680K119G	38.38	0.01	13.85
BS_69V8P8A0	23.99	0	13.13
BS_6WP1FHTE	31.87	0.08	19.47
BS_7327SDAQ	12.75	0	23.59
BS_6G6C7VPX	46.36	0.23	19.15
BS_699TN5RN	35.34	0.01	15.56
BS_6H1C1ME9	25.77	0.01	19.46
BS_6HTK4YJP	68.8	2.26	27.01
BS_6JHXXVR7	45.75	52.56	47.22
BS_6MZ7FRZH	34.69	0.86	16.97
BS_6N3AFF66	49.47	0	13.56
BS_6NRTJSYK	37.23	15.2	13.87
BS_6P50QTPP	42.91	0.01	10.46
BS_6R7SFVV2	44.13	0.07	10.96
BS_6T4JGBGY	32.3	0.03	13.29
BS_6VF6VPCG	33.04	0	15.23
BS_7GJT4A6A	39.27	0	14.5
BS_6NTXGQAC	28.77	0.01	9.99
BS_6YMJ621P	44.84	0.01	9.22
BS_CQSAJ7BF	50.89	0.17	9.66
BS_70FFPA51	48.8	0	10.77
BS_742RHK1M	49.08	3.71	37.79
BS_74FS6GMW	35.37	2.79	18.3
BS_74G5K7JF	36.33	0.01	10.76
BS_769BDPDB	29.54	0	12.56
BS_775HDFNY	43.35	0	19.93
BS_78QX3XDF	25	0.01	17.31
BS_77CDMEY4	26.39	0	18.94
BS_84XCR9GG	48.52	0.11	13.92
BS_7B89YR6K	34.83	0.14	13.51
BS_CREQ97QC	47.85	0.02	9.63
BS_7BTZQKYY	33.66	0	10
BS_7BW0YRPY	50.8	0.31	20.3
BS_7G42J2SK	41.63	0.12	12.42
BS_7H4RFCW9	39.75	0	25.79
BS_7P83Z28P	45.2	0	14.49
BS_7S6GNG04	32.22	0	12.76
BS_7T1J3KET	49.77	0	16.72
BS_8MA5B8Y9	33.21	0.11	16.4
BS_CZ82ANWP	70.51	0.15	22.43
BS_7XRN3CFX	34.61	0.01	15.32
BS_7Z93ZYMS	43.35	0	13.33
BS_7ZV3DPGT	13.44	2.17	9.07
BS_8PNA0V6R	16.71	0.01	14.62
BS_850BAHH9	39.28	0	13.2
BS_8ZD6J47V	53.84	0.49	15.47
BS_8ZS9F31R	29.63	1.16	19.41
BS_86Q14TZG	28.35	0.07	22.51
BS_893A91ZM	23.05	0	16.43
BS_91VYM11A	38.38	0.04	12.43
BS_8D0NYM46	44.41	0.02	23.99
BS_8F9BDWY4	57.76	0.01	15.73
BS_8J09S6MZ	48.68	0.02	15.44
BS_8J3B6ZB6	38.2	0	17.39
BS_8NY9J9NQ	35.17	0.01	13.43
BS_97M1E2DW	46.45	0.11	16.35
BS_8Q77HZ4R	41.8	0	9.69
BS_9CA93S6D	42.59	0.01	14.63
BS_8RCR7Y4B	88.05	0	13.86
BS_8RHPJ740	21.78	0	18.4
BS_8S86CM61	83.93	0.19	17.88
BS_8SKZ7BRN	35.24	1.57	57.93
BS_8VAZSJEN	42.42	0.01	12.39
BS_8WPNFT03	20.64	0	47.19
BS_8Z3SCKB5	44.62	0	18.46
BS_8ZP3CBQA	30.89	0	15.7
BS_9RT63JD9	32.17	0	11.71
BS_9XVACXP0	64.78	0.01	16.58
BS_90B22NGP	67.5	0	10.53
BS_7N0B2CY1	52.69	0	9.82
BS_A0DYVX9J	20.36	0.01	22.52
BS_92MT680S	11.76	0	5.25
BS_912NX4Y0	43.34	0.01	11.2
BS_92VDQ0NE	45.56	0.01	11.38
BS_94MT16N2	78.92	0	18.07
BS_A7Q8G0Y1	46.35	0.25	15.08
BS_9755PSCS	26.24	0	14.58
BS_983Z6CA6	19.59	3.61	13.96
BS_996ZS2A4	28.27	0.55	18.56
BS_99B1XRZQ	59.45	0.15	16.87
BS_9BJARSX3	28.15	0	16.62
BS_9DFBHHB5	48.18	0	13.43
BS_9DZ253JY	6.3	0	3.16
BS_9E7YVFJM	19.2	0.01	14.2
BS_9F09XV62	37.01	0.01	13.78
BS_9FHSNVS0	112	0.21	37.99
BS_9G69F50J	20.84	0.01	14.2
BS_9GJ23RHH	25.05	0.55	21.31
BS_9HA238XS	37.5	0	12.06
BS_9HSGV9TJ	57.17	0	8.29
BS_9P9MB8X8	52.2	0	14.91
BS_9Q6Z6VJC	30.61	0	15.92
BS_9SJWWYQ4	50.07	0	14.77
BS_9XWJ88Q1	28.67	0	9.95
BS_AWH9757B	44.94	0.34	13.99
BS_A13BMEF5	49.21	0	15.34
BS_A1VEGWTR	45.78	0.1	13.51
BS_A3QZB9Y2	37.9	0	12.57
BS_A46RDWGM	41.32	0	17.04
BS_A7MC2KR2	34.67	0	22.16
BS_B1C6GZ84	51.92	0.7	21.21
BS_A89VAPVV	44.2	0.23	17.3
BS_AA164D3A	21.72	0.01	25.06
BS_ABYF92Z9	43.91	0.01	15.63
BS_AD4JPN9Q	38.12	0.01	15.51
BS_AG3D3435	44.45	0.06	15.49
BS_AGS1HHGF	37.37	0	11.72
BS_AGTPCRR4	30.93	0.1	14.26
BS_BWBDH9GM	27.16	0	21.77
BS_EVCAC3NH	57.53	0	10.98
BS_AKRHBPNZ	38.87	0.01	11.66
BS_FWMJPKCV	59.29	0	17.1
BS_AP0SZ364	46.9	0.02	13.3
BS_ARBQDTT5	58.05	0.01	10.02
BS_ARFQ1WG3	38.74	0	18.37
BS_AVYNZHSB	44.2	0	14.55
BS_C41DJZ1F	22.19	0.01	19.13
BS_AZN38B7V	11.6	0	10.96
BS_B0SVFK4P	29.3	0.01	48.56
BS_C6ZZ3FY5	16.76	0	11.47
BS_B1HVNV0T	51.52	0	10.19
BS_B24PKKQB	20.04	0	8
BS_B3M5SGPA	27.8	0	19.39
BS_B53Z0T1Q	40.03	0	15.07
BS_B61168DE	16.15	0.01	20.09
BS_B6M763JS	40.19	0	15.58
BS_B741RZY9	35.25	0	10.07
BS_B7GEH89C	33.77	0	16.32
BS_B7QS4DHK	25.8	0.01	17.3
BS_B7X8VXQ3	53.2	0	9.38
BS_B8T7M0WV	35.86	0	12.26
BS_B9V8RGTA	50.47	0.55	16.07
BS_BB0YW800	23.5	0	8.63
BS_BC936YNZ	49.23	0	15.74
BS_BHR08WGW	36.31	0	17.71
BS_BJDNWMJH	54.41	0	12.74
BS_BKQZ550R	35.49	0.01	15.63
BS_BKR4E30C	27.54	0	15.29
BS_BN986DF6	38.21	0	16.37
BS_BPSTSCBJ	48.39	0.02	16.59
BS_CXVGG342	16.31	0	20.68
BS_D29RPBSZ	36.14	0.17	21.14
BS_BXXJ9P8C	35.97	0	16.61
BS_C05FKR8X	22.35	0.17	22.98
BS_C0XFDP38	18.86	0	12.98
BS_JXNZYGCR	37.21	0.01	12.08
BS_DFGS950G	26.15	0.73	22.77
BS_C3P5BC92	16.11	0	18.32
BS_KM2EX0K6	64.44	0	15.36
BS_DRY58DTF	25.18	0	16.64
BS_C51RB0YR	43.76	0	14.49
BS_C6SKJG3N	41.87	0	11.85
BS_DS438CXE	48.3	0.01	18.56
BS_C7A2TYAC	46.91	0	16.72
BS_C7N3J4NW	32.35	0.16	10.88
BS_C80S5N37	42.44	0	9.87
BS_CB6VK7PB	48.35	0	17.04
BS_E60JZ9Z3	33.96	0.05	27.8
BS_KQ6ZW085	38.72	0	12.97
BS_CGB2WS2A	40.31	0	12.81
BS_CQEETJ66	42.35	0	16.92
BS_KXH37MPN	41.23	0	17.1
BS_KZPR01BD	45.81	0	8.2
BS_CS170P7T	44.74	0	19.56
BS_CS66RYDA	21.42	0	13.93
BS_CTR5X93B	48.96	0	12.85
BS_CVGFNCBJ	30.3	0.01	14.22
BS_CW9QV8AG	36.09	0	10.67
BS_CXVJK2FY	20.46	0.12	19.05
BS_CYEY58NY	62.75	0.1	11.15
BS_CZ3ER8DY	30.37	0.17	12.47
BS_CZ3NA7KV	37.73	0.08	17.04
BS_D0BGESQF	23.14	0	9.43
BS_D0RDN4K5	58.79	0.2	41.69
BS_D2K9C7XR	55.13	0.72	20.12
BS_D3YBV7KB	33.47	0	12.88
BS_P4NX9MPA	44.75	0.07	19.67
BS_D4PJYHZ2	11.44	0	9.56
BS_DMZP9G1H	44.04	0.01	9.41
BS_D5NQV7N5	16.36	0.01	8.25
BS_D5P6EZ1M	46.53	0	15.73
BS_D8N31T39	38.92	0	27.05
BS_D9GEXXHX	26.73	0	13.6
BS_DBDXCXT5	32.01	0.79	9.76
BS_DBEX7AG2	45.01	2.43	72.07
BS_DEHJF4C7	31.03	0.06	16.06
BS_DGTPWJ59	55.87	0	15.15
BS_DHA5FMVW	50.78	0.79	27.87
BS_E4GC9EXR	43.72	0.01	14.56
BS_DPF1CX0G	49.4	0	15.28
BS_DRD9QXR5	27.95	0.01	13.33
BS_FEV5A0HN	95.42	0	16.93
BS_DSS3S5XD	34.96	0.07	17.92
BS_DV86M0Y7	46.97	0.01	11.59
BS_DVCQ8XDZ	36.72	0	10.94
BS_DY88N5ZT	54.45	0.72	20.18
BS_DY9NTFQR	40.96	0	10.19
BS_E054DFJN	19.16	0	12.91
BS_E0N3PTPN	45.69	0	14.77
BS_E1CGF3KV	37.62	0.01	16.29
BS_E2Z940S4	38.49	0	16.91
BS_E3EJHXQV	32.12	0	16.52
BS_E4F1D721	32.58	0	15.16
BS_ERJAJ0KA	42.4	0.05	14.8
BS_E4QK839R	27.88	0	14.73
BS_SM8VQFPD	54.02	0.14	17.78
BS_E94QRJDW	46.8	0	14.68
BS_EBMCTR80	70.7	0	14.36
BS_FX2P2WEG	41.18	0.05	28.04
BS_FYRDYBMZ	25.93	0.01	12.33
BS_EF775B3K	48.87	0.01	10.47
BS_EFEZB0ZH	35.82	0	13.6
BS_EHVYJAVA	41.41	0	13.93
BS_EJ9JKM1C	30.2	0.27	13.83
BS_G3RJTBZD	20.87	0	22.59
BS_EK5PCKY0	20.32	0.07	9.54
BS_TDEFAPNH	35.83	0.07	10.46
BS_EMMF4PZX	31.66	0.01	13.18
BS_EMYET8F4	50.46	0.09	13.77
BS_EN2VK7NY	33.36	0	17.93
BS_ENKG5GF3	26.72	0.04	14.25
BS_GG9W3J9Y	32.44	0.89	12.97
BS_F4E8R9VY	39.28	0	13.26
BS_ET8CJXSF	68.4	0	12.43
BS_FAQQ0GCQ	43.92	0.01	15.34
BS_EXGBH3TD	45.63	0.01	12.4
BS_EXYHZ6D4	19.67	0	21.74
BS_EYSS0ZDS	37.95	0	16.35
BS_EYYMKWB7	38.78	0	15.94
BS_GW0GKWMS	13.53	0	14.31
BS_F5BZSF3Q	32.64	0.07	14.72
BS_GXTFW99H	24.46	0	22.44
BS_F6V1Y4QS	41.58	0	27.92
BS_F6Z5HFWH	48.5	0	9.16
BS_F8N6CFQE	41.81	0	16.22
BS_F9WKPDFG	13.16	0	2.76
BS_FAVRBEW7	23.13	0	6.63
BS_FBJ5Q54N	53.8	0	21.64
BS_H0QWRJE2	50.88	0	8.42
BS_FEPRNEXX	62.43	0	8.44
BS_H1XPVS9A	48.77	0	21.61
BS_FEYMKEK8	44.41	0	6.76
BS_VTJ9ESSV	56.96	0	12.2
BS_H1ZS5FMZ	54.92	0.08	20.69
BS_FJWZ3M7V	34.21	0	13.86
BS_FJZPQZ2C	24.21	0.01	10.42
BS_FQX1PRAJ	37.4	0	12.74
BS_FRM9TG02	33.36	0	10.12
BS_FRZ76GEG	41.12	0	18.74
BS_FTKPQ5FZ	53.39	0.7	13.46
BS_FW5ECXXK	33.68	0.78	9.76
BS_G1Y281HX	22.5	0.06	10.41
BS_G23JJAZY	42.05	0.02	11.98
BS_HJRTC9JQ	22.25	0.01	15.08
BS_G5QBBHDV	29.77	0.01	31.84
BS_GTZCFGRZ	53.76	0.01	23.58
BS_G63HYD6N	34.22	0.26	16.68
BS_G7AGNB5G	66.69	0	16.96
BS_G9XE3N9T	50.68	0.01	13.22
BS_GAGRGSSX	36.71	0.97	18.53
BS_GC3CH9TY	27.69	0.01	14.04
BS_GCA4GET3	53.43	0	13.49
BS_GDHH6T5A	17.65	0.01	10.01
BS_GFM6EA61	24.25	0.05	10.99
BS_GHNJ4CYC	39.98	0	13.58
BS_GJNCYABP	25.77	0.02	16.13
BS_GM9Y3AZ5	5.64	0.01	1.72
BS_GMDQK06Q	32.12	0	15.18
BS_GMJBGBWB	51.81	0.01	16.9
BS_GPEGRCCT	44.09	0	20.06
BS_GR46VD0Q	41.62	0	13.52
BS_GSVCN2XC	59.85	0.04	7.83
BS_GV3NZ9QD	40.08	0	11.27
BS_GWCRMKE6	34.3	0	14.98
BS_GYA4V1RD	46.22	0	12.31
BS_GYXSDZ56	40.05	0	16.19
BS_JRYJGYC4	43.48	1.27	20.3
BS_JS95PE0J	58.02	0.02	22.35
BS_JVW2JJ39	78.85	0.1	68.21
BS_K17VQECG	45.49	0.54	39.04
BS_H3FE3TH9	51.77	0	12.27
BS_H3Y8FWHV	43.35	0	13.93
BS_H4NXBD2D	32.47	1.27	13.87
BS_H8A9PSYA	52.72	0	14.2
BS_KP735TJ6	36.07	0.01	15.72
BS_HA20Y4XY	49.2	0	16.2
BS_HBJZR69P	44.08	0.01	15.76
BS_HC44ZA0V	38.73	0	13.81
BS_HC5M8JTC	37.39	0.01	12.54
BS_HCP5C912	35.85	0	9.42
BS_W7FP2G3F	26.71	0	15.43
BS_HQ5BJ6MW	45.36	0	11.57
BS_HSHN8PBB	37.09	0.01	16.76
BS_HV8PFRBR	38.41	0	14.55
BS_HX0S30NE	44.28	0	17.43
BS_M0QYNVK8	61.65	0	10.59
BS_M1PVEHCM	37.97	0	12.7
BS_HZ707C55	25.37	0	17.61
BS_J483EMFP	38.71	0.11	20.81
BS_J4GQPZS0	47.57	0	13.7
BS_J60G8DMK	42.61	0	8.88
BS_J6VKB1VE	52.46	0.01	12.18
BS_J70GK8SM	35.33	0.04	11.78
BS_J8VX4D17	26.41	0	18.7
BS_JAEM78XS	44.01	0	9.91
BS_M7HCF7DW	40.47	0	18
BS_KPT2WPHW	36.53	0.01	10.9
BS_KVV7001W	41.64	0.05	19.79
BS_JCPKYHKY	38.68	0.05	19.94
BS_M85CXHDV	23.04	0	17.23
BS_JFEZA9KE	54.1	0.07	25.98
BS_JFR750KD	46.05	0	19.02
BS_JG9JZTA9	48.12	0.02	17.01
BS_M8EA6R2A	46.05	0.56	15.85
BS_JGPR9SR2	34.01	0	8.76
BS_JH29M4KG	35.96	0	18.48
BS_JHGW42S6	27.66	0.01	13.43
BS_JK0VPG1T	39.6	0	13.61
BS_JKXA3FQC	47.38	0.01	18.7
BS_JMHG7GCN	45.94	0	14.61
BS_MB7WN0ZB	41.57	0.22	14.84
BS_MDBT7S5Z	47.02	0.26	17.15
BS_MKM0EEN1	31.27	0.04	12.9
BS_MN5XVP5A	23.43	0	29.03
BS_JSPR854S	27.25	0	12.96
BS_JVA2NQFF	49.58	0	15.08
BS_JWCX8R17	29.32	0	12.31
BS_JWSR581E	47.59	0	13.61
BS_JX449BF5	52.74	0	6.93
BS_JX7S9MY7	21.7	0.02	11.8
BS_MWWZBQ60	33.6	0	16.45
BS_JXF8A2A6	46.49	0.29	21.95
BS_YK6VQ9SJ	62.91	0.01	24.46
BS_M4NVX721	40.69	0	12.25
BS_MX23ZY0Y	53.78	0.21	30.78
BS_K25F4J3V	54.64	0.21	25.34
BS_K2FHZGTK	47.24	0.01	10.85
BS_K2VYFVKZ	42.34	0	17.81
BS_K5802F84	34.28	0.02	9.16
BS_K7MVS0Z7	46.37	0	15.34
BS_N6N147BY	35.93	0.45	16.01
BS_KBT7MQ6H	54.41	0.53	16.61
BS_KDSTG5YY	40.56	0.65	17.23
BS_KE56MMY0	38.55	20.08	48.37
BS_KEA474HN	35.4	0.01	14.85
BS_KF0ZXDER	39.73	0	8.82
BS_KK0JWATQ	18.39	0	19.8
BS_KK5C8VCK	19.18	0	7.58
BS_YNEQJ6AH	61.81	0	14.5
BS_KND4B5CW	48.46	0.01	18.03
BS_MF47B9ZW	29.1	0.02	12.65
BS_KR4MP5ET	23.22	0	10.6
BS_KSKZ9J7J	43.69	0.11	13.98
BS_NNPEC7W1	33.42	0	17.32
BS_KVAJYZ6F	39.9	0	8.13
BS_KX6J8TRK	26.9	0.02	12.76
BS_KXCY5BN5	46.39	0.38	19.05
BS_ZZPBANDD	61.87	0.01	10.99
BS_KXMYBQ6N	34.53	0	16.89
BS_NR3P3GN2	33.32	0.26	13.99
BS_P0QF87WC	32.45	0.11	20.39
BS_M026T44Q	26.42	0	11.48
BS_M1T1K5WV	25.35	0.12	9.24
BS_ZR96A4FH	31.04	0.01	7.4
BS_M4923M40	50.45	2.39	31.45
BS_M4TTKPNR	33.66	0.01	12.25
BS_P9JP6JFA	31.02	0.01	27
BS_PGK832G2	26.12	0	17.22
BS_PKW05VZV	43.51	0	10.6
BS_M7QJ8VF0	23.98	9.62	7.96
BS_PNYN0AYD	39.09	0.01	16.65
BS_M8M56Z4Y	44.84	0	12.96
BS_M8WP5T16	29.86	0	14.52
BS_M9C4RY4P	48.83	0	12.54
BS_39CGACC7	27.99	0	9.46
BS_MA2T7ET1	23.01	0	14.91
BS_MBSTWZA6	38.86	0	13.96
BS_MD3DT41J	31.49	0.48	14.99
BS_PQVTB6BB	52.97	0.11	22.05
BS_NT9NZYFD	33.29	0	9.56
BS_MF9X3PKH	48.18	0	13.46
BS_MGAMKKBD	17.85	0.03	12.98
BS_MKP2Y41Z	32.24	0	13.82
BS_MM20BVW9	36.06	0	14.01
BS_MMNRZ1EQ	38.15	3.14	13.83
BS_MQCKXD60	32.29	0.14	42.73
BS_PZVHMSYN	19.52	0.01	13.18
BS_MT15SGJN	27.88	0.04	7.76
BS_MV6ASWV9	83.41	0.02	22.8
BS_MVW01FPB	57.42	0.31	16.46
BS_4W1DBAN4	44.85	0	11.49
BS_Q13FQ8FV	24.39	0	17.02
BS_QB84TBA3	49.47	0.06	35.79
BS_MY9D8XZ1	43.86	0	10.68
BS_N0877CX1	71.53	1.11	24.4
BS_N1E0H8YQ	22.8	0	22.52
BS_N210XMKR	41.82	0	22.57
BS_P277RYX5	62.41	0	9.85
BS_N5B2CZMH	29.27	0.01	13.75
BS_N5DVEJXT	34.56	1.66	21.19
BS_N6NE6B3W	64.08	0	11.29
BS_N8J1DP02	30.16	0	12.84
BS_PQ6QEVE8	31.52	0	13.94
BS_NB42PWZN	63.45	1.88	20.25
BS_PQ7CQFYR	21.56	0.01	17.6
BS_NB5XWMJT	31.5	0	14.37
BS_NDC69214	23.41	0	14.56
BS_NDFDQBCZ	20.24	0.12	20.23
BS_NDN62H0S	24.3	0.01	10.12
BS_NDRDM2A9	37.4	0	12.91
BS_QF5VVZX5	47.32	0.02	9.6
BS_QV51J756	39.33	0.02	12.36
BS_NGHK9RZP	34.62	1.35	20.23
BS_NGY0TE6S	40.59	0.03	22.66
BS_NH7K4CD9	57.16	0.06	13.23
BS_RGSMX7QD	39.14	0	10.53
BS_NJ4WPQVK	9.99	0	22.6
BS_QWTE1CWR	15.21	0	21.12
BS_QYPHA40N	60.2	0	13.36
BS_NPQJ20KX	32.2	0	15.68
BS_NQB91P48	38.68	0	16.02
BS_NQFH3GZH	50.2	0.08	8.66
BS_R5SNFB5B	43.7	0.29	12.25
BS_NR9FRY5T	42.85	0	16.71
BS_NRFQEQKP	48.19	0	16.97
BS_NRPG5K4K	46.59	0	15.74
BS_NS7GSHB9	43	0	15
BS_RVSEDNJ4	47.53	0	17.12
BS_60K3EQ9S	36.53	0	15.86
BS_NYS8TRCB	34.6	0	13.25
BS_P0W5VJH4	7.57	0	3.6
BS_S9929Z8B	31.25	0	15.13
BS_P39SQPTS	32.45	0.93	26.22
BS_P4D8Y3S8	26.9	0.31	16.51
BS_RCCN63K6	36.68	0	26.98
BS_P78SMRBS	14.44	0	5.58
BS_P7EY9DXG	33.89	0.28	23.51
BS_RXN5T5YT	25.4	0.13	21.65
BS_PEP9NZXN	50.54	0.01	13.52
BS_PGHK1JRW	43.69	1.19	15.24
BS_PJPGVD62	17.51	0	27.77
BS_PK18H7E7	41.63	0.01	14.13
BS_PKK3BZRG	72.88	0	5.52
BS_PN2CE34A	40.44	0.19	33.51
BS_S2TA8R29	41.55	0.08	15.19
BS_S5P8VTN5	42.04	0	21.59
BS_S6S7SK3P	54.39	0	13.19
BS_PRAEF32W	47.07	0	15.07
BS_PRR8K9GE	53.12	0.01	23.25
BS_PSNBFWQV	59.1	0.33	25.01
BS_PSW27ZTE	43.92	0.01	13.07
BS_SD8YBRBR	57.02	13.67	56.44
BS_AG4H9S3J	34.9	0	15.05
BS_Q2T9ZRM0	25.27	0	9.23
BS_Q3TBCK4V	45.58	0	16.86
BS_Q5WZYWCT	57.57	0.02	8.04
BS_Q79NP5YY	41.49	0	11.24
BS_Q9V7A95C	41.59	0.04	14.53
BS_QAG1RDXN	43.49	0.01	12.36
BS_QB7YGKN1	59.7	0.01	16.18
BS_T1YHK6B7	31.64	0.36	22.89
BS_QBR4WCQ2	31.21	0	13.78
BS_QC3XCE6X	40.58	0.01	11.43
BS_TG93XC55	46.95	0.04	10.72
BS_QH82PBMB	39.13	0	13.19
BS_QHS3V0GP	73.3	1.03	42.38
BS_QNAQGAV6	41.32	0.01	10.7
BS_QP6MSKRE	25.7	0.02	19.75
BS_QRNSKFMS	47.94	0	11.06
BS_QSTAVWGE	23	0	9.87
BS_QT3NZ2YZ	55.46	4.89	43.58
BS_QTSXW7DA	39.75	0.18	14.3
BS_QW60M0FE	31.35	0	13.46
BS_TGS109T3	68.67	0	20.42
BS_TJTEF70D	39.34	0.01	8.75
BS_TK84K675	33.9	0.03	9.4
BS_QX12J6W1	37.06	0.41	23.97
BS_QXKRN6CR	37.98	0.09	10.52
BS_TM9MH0RP	29.4	0	13.47
BS_QZFEB94Q	25.57	0	9.07
BS_R13X6TMW	24.98	0.01	12.82
BS_TRKH2SPE	30.19	0.19	19.13
BS_R244Z0WX	37.5	0	14.38
BS_R4Y180DM	54.49	0.86	19.98
BS_TV5B86ZD	2.2	0	22.51
BS_R634WKN7	44.98	0	21.81
BS_R7HZCZ8B	38.46	0	13.64
BS_TXZ7KHTQ	15.52	0	9.89
BS_AMQGM1V9	56.29	0.01	9.97
BS_RB2S0KDF	47.34	0.01	13.06
BS_V3Z3DB4N	34.9	0.01	16.46
BS_RCFQ31XF	51.1	0	11.99
BS_RFMQ7T0T	39.14	0.03	22.13
BS_VF5XWFXD	45.06	0.01	22.98
BS_RGPSEMHC	37.96	0	11.24
BS_RHD7XPNP	24.62	0	13.52
BS_RQSKD7PN	37.12	0	16.09
BS_RR12T74P	35.4	0	16.91
BS_RRAEQZ97	50.19	0	14
BS_VMMJYN8Z	41.02	0	10.06
BS_RWJZFTP9	45.85	0	14.7
BS_VMQMGSJY	29.73	0.25	22.69
BS_VVTHDRBD	42.09	0.41	20.41
BS_S0175QKX	30.99	0.29	18.87
BS_S1KK7XRH	38.42	0.1	17.26
BS_S458NMKH	52.12	0	12.19
BS_S4V9E1XJ	43.77	0	15.24
BS_S50KQEXV	40.48	0	11.86
BS_W4DB5RP1	42.04	1.77	17.08
BS_S6NJRR5W	25.02	0	11.71
BS_S71RJ8DH	58.91	1.59	17.67
BS_W60RQAKK	52.27	0	17.34
BS_S7CZY2CH	38.3	0	20.52
BS_W97QQYKQ	42.55	0.05	17.31
BS_SAA624A4	3.69	0.01	1.1
BS_SDA4RMMG	38.6	0	15.81
BS_SDCNP7MW	35.36	0	7.83
BS_SDZY6RZ3	37.55	0.06	13.15
BS_SES41DAX	37.29	0.01	11.8
BS_SFKZSJN1	48.12	0	12.33
BS_SFRQXM76	13.9	0.96	16.54
BS_SHMC4902	39.36	0	18.18
BS_W9N9844Q	21.28	0.04	27.03
BS_WAXJY4XQ	45.87	0.28	16.24
BS_WH8G4VFB	29.56	0.03	17.63
BS_WJ9H4NZZ	46.78	0.12	21.9
BS_SQX5E15Z	47.14	0	17.81
BS_SXCZ3CXN	32.31	0	13.24
BS_SXRS2P6T	43.9	0	17.07
BS_WRQHPSXQ	39.66	0.01	19.45
BS_T0RKFEKR	31.32	0	14.16
BS_T1DVKKJB	34.75	0.6	17.1
BS_T1QMEH1N	19.96	0	13.83
BS_T1W4JA94	45.01	0	12.27
BS_T2QPMZCM	51.28	0	14.36
BS_WKESC3XN	43.88	0.05	20.57
BS_T3H5AY8A	15.29	0.11	15.6
BS_T4JFN54G	34.42	0	11.5
BS_T4P3J13C	47.72	0.01	12.28
BS_T55Y4Z0Y	27.97	0.01	16.98
BS_TAHV8N04	39.34	0	14.61
BS_TBWYAFSM	29.56	0	12.12
BS_TCGEZJ5F	43.06	0	15.99
BS_TD1ZEQ7R	23.43	0.62	17.76
BS_TGW6HC4X	73.04	0	11.74
BS_THSPSG2Z	38.15	0	10.18
BS_X23724NJ	23.68	0.04	23.9
BS_TMTV769C	53.08	0	12.68
BS_TNRHHYNC	7.53	0	6.8
BS_X4X1SFSE	36.58	0.74	10.07
BS_TQ5QHR17	29.61	0	8.62
BS_XG0DBWVT	26.34	0	17.63
BS_TXY8QYWA	31.41	0.14	15.35
BS_TYKJ8G2G	48.25	0	15.92
BS_TZ5D0A7R	44.57	0.46	13.09
BS_V0Q1G94N	46.59	0	9.87
BS_V3REENH9	38.61	0	12.46
BS_XQ5SFW35	37.34	0	19.12
BS_V4W81SFC	28.65	0	13.05
BS_V72GX2AZ	47.14	0	11.09
BS_V7BJM89K	36.82	0.08	11.95
BS_V89HGTET	43.22	0	13.21
BS_VAAHBH60	67.47	5.96	22.54
BS_VARR255N	29.62	0	17.29
BS_VJ2S5DVS	61.45	0.15	16.82
BS_VJAC9H58	49.41	0	13.07
BS_MA1A3GY0	22.51	0	10.44
BS_VNK9XYV9	36.2	0.01	18.44
BS_VNWKNRY4	100.6	2.21	27.63
BS_VP3C8WZT	40.59	0	15.34
BS_VP5Y45Z7	50.54	0	13.29
BS_VPMKHW9X	33.5	0	9.79
BS_VPNXJE2S	35.12	2.48	28.86
BS_VR7FR1NE	38.91	0	15.44
BS_NVKGSMXS	48.59	0.01	11.38
BS_VW85Q4XJ	39.79	0.01	13.29
BS_YEW22W35	16.17	0.02	24.42
BS_VXEFKW5P	48.75	0	17.95
BS_VXHWZJDC	42.55	6.14	17.12
BS_P44PE00R	45.91	0	10.31
BS_W36RZSFA	41.22	0.05	13.74
BS_W3R88RFP	44.5	0	14.75
BS_W41S7B55	38.72	0.12	14.41
BS_Z8F3GM85	25.8	0	21.23
BS_W4HGV6E7	32.71	0	11.64
BS_Z8YZ6QGS	18.85	0	16.9
BS_W6AC5J3C	31.25	0	12.45
BS_W72364MN	39.15	0	11.93
BS_W80TJC27	33.38	0.19	15
BS_ZZWMD6FA	50.96	0	14.32
BS_WCRKYV0T	43.31	0.06	9.67
BS_WE3Q8A73	27.34	0	8.73
BS_WFD0GE5X	40.38	0	11
BS_WG203ECV	37.02	0	15.41
BS_WGK8ZMVA	53.9	0.08	15.45
BS_ZV1P6W9C	31.11	0	17.42
BS_ZVWE73JZ	40.05	0	17.7
BS_WJGFDRWK	53.31	0.07	23.1
BS_WMEHNDSK	43.42	1.4	49.25
BS_WRHDP7WF	39.73	0.01	13.77
BS_ME3HKN2C	50.28	0	11.1
BS_WSQMAA33	27.84	0.59	25.23
BS_WV0S8N4M	46.87	0.1	16.98
BS_WVS02TZK	50.09	0	18.27
BS_WVW3W6ZB	45.23	0.19	30.52
BS_WWKNJSJ5	25.19	1.66	14.62
BS_WYERXS4G	31.59	0	9.25
BS_SBFNFZ8B	48.35	0.01	9.41
BS_WYG77VVP	30.97	0.13	14.48
BS_X0F9AYEC	42.81	0	14.35
BS_X16PENSA	40.98	0.01	15.13
BS_X2QTK3QD	29.21	0	11.79
BS_X59HSFGG	37.5	0.01	19.62
BS_X67GTEM6	38.06	0.06	12
BS_X91K8KMG	46.29	0	15.81
BS_X9EGD530	32.39	0	12.23
BS_XBQZYS8G	44.09	2.05	35.13
BS_XF0ZX2B3	26.61	0.02	14.97
BS_XGSA3GQE	45.82	0	15.3
BS_XHCYEE2S	35.53	0	18.71
BS_VNE0ZPBS	30.78	0.07	11.98
BS_2SHWPB5P	9.24	0.01	9.04
BS_XKKB4MZV	52.62	0	17.5
BS_XQYHPBFS	38.86	0	12.37
BS_XZTV0J8W	58.74	0.27	14.81
BS_Y08D5P8N	21.76	0	10.57
BS_Y0PCBNJV	50.61	0	13.73
BS_Y3G1X98S	34.65	0	13.67
BS_Y7F9E2E9	36.46	0	9.98
BS_YA8RBGD8	52.21	0.01	17.34
BS_YB07VF1X	25.48	1.23	13.88
BS_YB2RXRHT	49.92	0.01	13.55
BS_YBJBSRHV	26.97	0.13	42.66
BS_YCREDZTJ	27.14	0	18.29
BS_YE1MAQYJ	29.74	0.06	14.11
BS_YEQVW4ND	43.51	0.01	12.13
BS_YG0A13JH	19.44	0	39.41
BS_YH05F9DB	27.93	0.01	19.06
BS_W18SF91A	37.56	0	13.95
BS_YMAJC22S	51.54	0.01	11.88
BS_XJTW0P8P	64.83	0	11.24
BS_YVMEEBKC	45.29	0	15.94
BS_YY5B2XDD	32.98	0	14.61
BS_YZ2Z1Q6Y	52.02	0	25.93
BS_Z0AVVB1V	28.46	0.01	13.22
BS_Z1A875MW	48.02	0	15.95
BS_Z28VKGNS	23.47	0.01	12.25
BS_Z2NWPQKF	38.4	0	10.52
BS_Z6BWR941	45.75	0	12.63
BS_Z6MC4N8D	34.03	0.01	17.57
BS_Z72QAZC7	26.64	0.03	20.74
BS_Z7890YNR	58.36	4.21	17.03
BS_Z7G68ZS2	28.56	0.24	10.11
BS_Z7Y2466H	48.32	0	17.46
BS_Z85M2R3N	21.34	0	9.08
BS_Z9ZS6ZS2	29.26	0	11.19
BS_ZA9XT151	16.3	0.02	9.02
BS_ZF34SJGN	36.95	0	14.27
BS_ZH1FBX50	40.55	0.03	8.78
BS_2XD3MNKD	28.82	0.01	11.39
BS_ZHHAM3AN	39.05	0.08	14.54
BS_ZJZXDPTP	62.27	0	14.99
BS_JBGZ7HHZ	22.1	0	11.47
BS_ZN8136D9	42.54	0	7.78
BS_NFRXNAFE	70.3	0	16.01
BS_ZRM0W01M	56.3	0	10.84
BS_ZTWGFWTX	34.59	0	14.7
BS_ZV9Z3SY6	40.18	0	14.03
BS_ZVX2GRD6	53.79	0	19.72
BS_ZVZDDW2G	31.97	0	14.63
BS_ZWR9W4FX	33.12	0	14.42
BS_ZZMYDZJW	46.14	0	14.42
BS_09Z7TC35	70.56	2.92	25.97
BS_1AYRM596	66.09	0.2	16.51
BS_1BWP5MCT	69.18	25.73	26.52
BS_1QXEC43H	40.2	2.32	24.12
BS_1TWCV047	74.65	1.84	15.59
BS_2SFTWNVE	61.56	0.36	11.9
BS_2Z1MKS84	52.27	0.16	11.89
BS_3BDAG9YN	29.04	0	17.29
BS_3F5PR9GS	69.15	1.05	18.12
BS_3MYEMXPQ	71.26	0	12.85
BS_3NWQXPQV	74.12	0.16	20.5
BS_3V3KE3VT	49.59	0.82	24.38
BS_44A3ES23	76.86	1.29	24.41
BS_4CP4T22V	88.12	0.17	18.94
BS_4D9DD103	42.19	0.54	11.85
BS_4PH1MBGR	76.66	0.59	16.69
BS_4W68NV3M	41.48	9.87	17.62
BS_5PJCHF6V	85.96	0.09	12.88
BS_5VQP0E6K	60.29	0.38	9.72
BS_61E80SD6	86.42	7.49	17.21
BS_77317DY4	65.93	0.36	11.32
BS_7C40TRCY	49	0.44	17.78
BS_7FWZ518S	71	0.42	11.85
BS_7XQRH69M	67.84	0.36	20.39
BS_81SP2HX4	46.05	0.52	22.42
BS_8GW1TMV2	38.18	0.36	19.66
BS_8T7DZV2F	28.7	0	12.05
BS_9M5XJ10G	82.67	0.79	26.23
BS_9NJHQE9F	52.77	0.9	14.09
BS_9NZ2D6AD	54.31	0.38	21.44
BS_9PB3XH5D	68.74	0.32	23.33
BS_9V633J1X	53.39	0.2	17.2
BS_A14Z8BBK	77.79	0.18	10.45
BS_A87NPZAP	67.51	0.69	16.66
BS_AHEFXG7W	46.61	0.61	14.34
BS_AM70R8RG	61.86	1.56	25.41
BS_AMZ70B6F	54.01	0.14	22.16
BS_BA6AZWB3	58.72	1.39	16.35
BS_BPWEFR89	61.89	1.31	17.74
BS_BSV07M7Z	56.88	0.02	21.85
BS_BVSW4GTG	68.08	0.08	22.48
BS_CHDGRYHJ	34.76	0.6	22.84
BS_D144EJRQ	71.5	0.43	12.97
BS_DFWFBYSN	72.67	0.04	19.4
BS_E3BAT4C1	52.01	0.12	15.5
BS_EFE4YEK3	79.72	0.01	16.71
BS_ERWT0ZWE	42.27	0.28	19.71
BS_FCAKKZ20	74.96	1.54	15.03
BS_FKDQJJB5	60.58	0.94	26.89
BS_G00FHF3Q	80.41	0.02	22.12
BS_GCQFGDTX	57.93	3.09	23.06
BS_GE2RVZE6	73.99	0.13	26.61
BS_GNV89A5P	86.27	0.26	15.19
BS_GS1KR5PK	36.63	3.16	12.72
BS_H4B5Y6S0	48.2	0.26	15.4
BS_HB03GSHF	48.27	0.1	21.34
BS_HD4EJYE3	67.41	0.07	16.88
BS_HE57E1RP	57.42	3.44	23.86
BS_HF3RNN2T	103.96	0.03	18.4
BS_HHPA8NJ2	59.49	1.14	13.11
BS_HKZENFDA	46.45	0.1	13.95
BS_HTEPAKCM	86.89	0	12.28
BS_HZE3KYZ1	89.5	0.02	19.7
BS_HZRM07TW	18.08	0.3	15.92
BS_J1AB8PMA	47.44	2.84	23.01
BS_J71N7D09	112.86	0.59	11.04
BS_J8G4SH4Z	81.75	0.15	15.32
BS_JFB984RG	73.39	0.94	13.1
BS_JR5ATB7G	49.2	2.08	13.79
BS_JT82QGXF	35.11	2.86	19.26
BS_JTMXAMB7	32.47	0.02	6.53
BS_JZRM1S3T	45.41	0.15	13.87
BS_K3ER45RV	34.51	0.49	12.13
BS_K74PZET7	65.48	0.76	14.47
BS_K81DR8XG	30.83	0.46	15.77
BS_KN92S7YQ	59.37	0.07	12.69
BS_KVNGNETA	47.4	1.25	57.15
BS_KYF0Q0E7	49.14	0.43	12.95
BS_M15PW2N0	59.22	1.55	16.81
BS_M84H3KXA	41.23	0.12	9.99
BS_M86ECPHK	53.02	4.48	21.73
BS_N4B1SZZH	57.32	1	15.83
BS_NKEAAFMW	55.27	8.76	25.81
BS_NKRYMHEP	75.09	0.09	14.6
BS_NZ71XCG3	86	0.31	17.2
BS_QEYPFYHD	44.09	0.31	10.28
BS_QPPPGYP4	39.33	0.32	12.22
BS_QRDT19KS	69.95	0.77	13.51
BS_QWNBZ9RJ	54.26	0.21	13.83
BS_R439VVPK	44.93	1.84	33.96
BS_R6WNEEE4	59.9	0.08	20.83
BS_RCC8BXVE	53.47	0.01	14.71
BS_RD4D5F9F	62.55	0.32	23.21
BS_RSRPX3S8	29.62	0.32	27.42
BS_S1M423AB	87.55	1.1	17.06
BS_S69QZAJR	48.18	0.56	26.67
BS_SKGJ5SY9	67.31	0.23	15.59
BS_TA9WP4TH	46.75	0.56	16.32
BS_TE0GVDNG	79.44	0.23	14.41
BS_TW8DQH8J	49.25	0.13	14.39
BS_TYAYZ9ZW	60.87	0.35	19.78
BS_TZVFR600	79.98	1.64	16.96
BS_V72H4RQS	62.09	3.97	14.86
BS_V96WVE3Z	47.77	0.81	26.86
BS_V9HVBBDW	67.97	1.93	18.69
BS_VA5T4KAA	82.37	0.49	15.29
BS_VJVDJABP	49.33	0.07	15.91
BS_VMEX27TN	82.84	0	17.73
BS_VPBMDMQX	56.82	0.16	24.36
BS_VT6C6N6K	43.06	0.12	21.14
BS_VVFBW0YH	74.78	1.63	22.73
BS_W311713R	89.36	5.36	21.71
BS_W644VEVE	52.37	5.57	29.74
BS_W9AT0MR7	73.45	1.32	15.32
BS_WH5HDE0A	71.03	0.02	23.66
BS_Y8D1F5WW	62.09	0.01	23.35
BS_YEB88D32	89.27	1.23	15.85
BS_YETBN0RQ	62.68	0.03	10.35
BS_Z45HD492	51.79	0.86	20.56
BS_Z7PKVY9J	49.28	0.05	10.87
BS_ZV68CES9	39.35	0.05	13.3
BS_ZXYDSBM9	43.26	1.02	15.32
BS_0VXZCRJS	13.97	0.07	26.76
BS_0ZA67BBC	16.56	0.01	25.93
BS_1N7MQZGR	13.13	0.01	17.52
BS_21ET39G7	18.83	0.01	17.15
BS_2JP7RBMB	14.17	0.05	21.19
BS_3AC3SRWH	3	0	7.36
BS_49CJNZ06	5.23	0	42.64
BS_4PPHAQXF	19.78	0.58	23.23
BS_4PWDGEB0	17.17	0	14.43
BS_58YXHGAJ	19.38	1.49	34.99
BS_5VPM0F36	11.81	0	20.35
BS_68KX6A42	19.8	1.09	24.58
BS_6M2053M0	11.86	0.03	26.45
BS_685DACMS	14.12	0.77	53.81
BS_7WM3MNZ0	1.91	0	29.04
BS_8ZY4GST0	8.55	0	20.4
BS_BMMY0H73	5.76	0	25.34
BS_BYCX6VK1	19.81	0	34.36
BS_C83TK159	21.15	0.02	15.9
BS_EZ3147MX	37.24	0.06	28.31
BS_F0JB4EAK	11.4	0.05	16.45
BS_FCDAH728	19.81	0.12	44.93
BS_G3NN392N	0.79	0.01	15.66
BS_GWSJ4Z9H	18.6	0.13	24.68
BS_H97S5SQN	20.32	0.01	17.92
BS_HWGWYCY7	25.05	0	21.04
BS_JB43XBCQ	16.91	0.02	20.39
BS_JQVAWTTM	8.79	0.12	16.01
BS_KBEX4RT2	19.89	0	20.79
BS_JGA9BP3A	37.98	0.09	33.14
BS_NB9XXBW6	17.24	0	20.98
BS_NEVYM2FP	19.36	0	19.6
BS_NGSG2KB6	16.18	0.07	20.43
BS_NPA6CZQF	14.85	0.6	24.61
BS_PS0P3QJ3	11.3	0.01	22.39
BS_PXCPK5XS	11.46	0	39.39
BS_QNNX91SM	23.27	0.39	24.59
BS_R7NTZR4C	10.92	0	33.99
BS_R9B92M75	17.65	0.23	15.87
BS_RX1YTZ7F	16.3	0.01	38.64
BS_SNVM7CZT	15.84	0	31.02
BS_T3DGY9J9	14.83	0	20.72
BS_QKT3TJVK	25.65	0.01	39.97
BS_W1385R8Y	13.98	0.06	52.06
BS_W4H1D4Y6	20.75	0.62	35.6
BS_W7MFJZ5A	16.65	0	27.6
BS_X0XXN9BK	10.61	0.02	48.37
BS_X4DD4KSZ	21.97	0.19	23.54
BS_XGDPK33A	18.67	0.33	26.21
BS_XM1AHBDJ	0.86	0	8.8
BS_XZM79E42	2.55	0.01	18.41
BS_YDEVMD24	7.44	0	18.57
BS_Z3RCA1T9	22.68	0.45	22.36
BS_ZD5HN296	17.41	0	18.54
BS_ZF6BSFNF	13.7	0	17.39
BS_ZQ76ZBEX	6.27	0	24.84
BS_ZQKGJD70	22.03	0.42	27.9
BS_S6Q7NKA3	38.56	0.76	26.49
